,client_identifier,email,country,bitcoin_address,credit_card_type
0,1,feusden0@ameblo.jp,France,1wjtPamAZeGhRnZfhBAHHHjNvnHefd2V2,visa-electron
1,2,plepine1@biglobe.ne.jp,France,1Js9BA1rV31hJFmN25rh8HWfrrYLXAyw9T,jcb
2,3,jsandes2@reuters.com,France,1CoG9ciLQVQCnia5oXfXPSag4DQ4iYeSpd,diners-club-enroute
3,4,ndolphin3@cbslocal.com,France,1GNvinVKGzPBVNZScNA2jKnDSBs4R7Y3rY,switch
4,5,gfarre4@economist.com,France,1DHTzZ7ypu3EzWtLBFiWoRo9svd1STMyrg,jcb
5,6,kbroodes5@amazon.de,France,1LWktvit3XBCJNrsji7rWj2qEa5XAmyJiC,jcb
6,7,ringliby6@ft.com,United States,1J71SRGqUjhqPuHaZaG8wEtKdNRaKUiuzm,switch
7,8,dmattielli7@slideshare.net,United States,1Q5FAwgXbhRxP1uYpgwXMY67zFzUDkwutW,mastercard
8,9,kboshard8@ihg.com,France,1QKy8RoeWR48nrwknBDZKfmetv1SGoAHX4,diners-club-carte-blanche
9,10,fkreutzer9@businessweek.com,France,1NRDQBCtuDqm8QomrbSUyh2tGDRqoj3DU8,diners-club-carte-blanche
10,11,cclaidena@vimeo.com,France,1HcqQ5Ys77sJm3ZJvxEAPLjCzB8LXVBTHU,visa
11,12,kcrippinb@google.pl,France,1EncEr6Vd5ywk96une6ZuWZN1yn3gBGZX9,jcb
12,13,mjointc@state.tx.us,France,14bMXV3h1S6KxGHdeNB9Bz4mmzCZJdRvk5,jcb
13,14,vmccloughend@gov.uk,France,1Gi1ZJsBDqCztVjtcKsbH54Q3jCEDJh37N,bankcard
14,15,mbernardoe@scientificamerican.com,United States,1GnNjsnbBTw6w9WHnZ8apuxZZcqkhycT9a,jcb
15,16,cdarcyf@people.com.cn,United States,17y4HG6vY9wDZmeu53rK3pAKS8ErtaTsQC,jcb
16,17,dbridgwaterg@youku.com,United States,14reD6Z1kUjg8QC5Yaz199gYyXbm4QdFTo,jcb
17,19,bstuttmani@cpanel.net,United States,1FeH4KecDLZYXEcAut4Dj4ciojsBEB1pDb,mastercard
18,20,cmartinettoj@mapy.cz,France,14iPptCE59bQXGoczEsSkk4ejTyaKq9mxt,jcb
19,21,agheeraertk@chicagotribune.com,France,15dT53UJarnbFpD2XjGvb5EBYsN7ThESDK,instapayment
20,22,bcarletl@symantec.com,United States,1Krg2YbF16fmnixrB8DGcU7cZ2BF2ovAxU,mastercard
21,23,mconsidinem@smugmug.com,France,1EqieFUhQsdpxSbCtVbgaKnryww8nZyn1y,jcb
22,24,dkosn@t.co,France,12FtLW76aG8arUUPmqSjX2AR9KsXdHmxfF,maestro
23,25,aroysteo@marriott.com,France,1HQEjYQRwW3LBRZfCzLWhbg8Y11RREzspx,jcb
24,26,jvanzonp@nhs.uk,France,1LZCs92TeHXN9KCBKPXFgz6vFwBDpqU3nS,jcb
25,27,apayq@netlog.com,United States,19Jx3x3za4R4CzXM4MixjDQjzTFGHfq18X,china-unionpay
26,28,rsmullinr@canalblog.com,France,1KByDrLkwz3vr8tZbgCsy6vYQvYo977bsR,instapayment
27,29,epoulsens@yellowbook.com,United States,1PaGdFCm9fUZGGyrVWtXwzKvnL5vmyDnk8,americanexpress
28,30,nbenedttit@berkeley.edu,United States,1HLCUvXRmNWGdz3q4o5Ts8KgkcY3kiBtwN,switch
29,31,mcuthbertsonu@drupal.org,United States,12nrx2abHJJhqjF8cdkvBtHTJAuNGmdxJg,mastercard
30,35,kglossopy@google.pl,United States,16dgD7KrcvnX9z1K3CbcDvevzwTk7Y6rvu,visa
31,37,gdiamant10@nhs.uk,France,16e3PCTV1StNkHvBvKddM6Sx46s5BG29RH,americanexpress
32,38,basken11@wp.com,France,1BBVKkSVixZ3Qk8BmkMBo76VZrdHaUgqFz,china-unionpay
33,39,imascall12@networkadvertising.org,United States,1HTwtuDq4sujd4RVZ4RbfVY4j3A31wyuNy,jcb
34,40,rmaccrackan13@google.co.jp,United States,1Ex97yUGwTs8XYpoaotrTNj9ysG7BCfHTe,jcb
35,41,tgonsalvez14@wunderground.com,United States,19NZ2y22cSkMuumkeHq2T3dhVA4mZUEz7x,jcb
36,42,kimloch15@ifeng.com,United States,17PPLnwAkxXTc6ytfUpmHCVvR3zHzyQDKv,jcb
37,43,afarmery16@sakura.ne.jp,France,15gDJcE839Fjubd4NY6PdqVfKLScwyqXVV,maestro
38,44,tnewman17@tuttocitta.it,United States,1N49CZF1tz5GU7xwmmMmBAkGupPWo4us7X,jcb
39,45,rhemms18@sina.com.cn,France,1JcPibbPfN9uPbriqKteUca4qEc6icSA9L,americanexpress
40,46,wobington19@miitbeian.gov.cn,France,15faE4i3jxJdERzYswERBJYxQtWgrQS4bf,visa-electron
41,47,agrigolashvill1a@altervista.org,France,1Bk26HNvrbjFyzmWdckfbURCdSvEsBT8jU,diners-club-us-ca
42,48,hpaulitschke1b@ihg.com,France,13JGssiu396LQGoEJf6MrDjaTQvJ2dBURb,diners-club-carte-blanche
43,49,mblindermann1c@time.com,France,1NN5q367ddd3ZkomurCp41YWX7TWao8RUP,switch
44,50,fpie1d@walmart.com,France,1JwpLkFW2wQWQU8FeRf6TnhFPDxSaZzkHR,bankcard
45,51,kblondell1e@printfriendly.com,France,1PMKXCoy4v1tRP4coq6uiHttGJ9TM6pTYe,jcb
46,52,eivain1f@soundcloud.com,France,1FCnxSa2vvLCd59aLaphYsQ2WXd6tTEc42,mastercard
47,53,gstaning1g@wisc.edu,United States,16SrYeRnoWDrXiLDRqTtPSewZtCSxyWh3X,jcb
48,54,cskule1h@samsung.com,France,18vi9HWivvTe8ZoFaWHrU8dz7pv8nhtUzS,instapayment
49,55,amorshead1i@so-net.ne.jp,France,16mmkiB6nqPZPeR8btFsRHQdQTNVCaVHr4,solo
50,56,btrees1j@mayoclinic.com,France,1DkGPKNDSuqTu2wrMTfeawZcALrL1C88zP,jcb
51,57,mhackney1k@telegraph.co.uk,France,1JJoPvgHNChccgpdTng2X31iR7uoTZmF3p,jcb
52,58,ggulleford1l@hatena.ne.jp,United States,12SdtcFb88NL3tZphQFrHrwTJc8RS6nbaG,jcb
53,59,ashinner1m@boston.com,United States,1NcvW1y38fYgrcrRFFF4vBdrT33HnniTJR,china-unionpay
54,60,ktipens1n@auda.org.au,France,14gUwW6RXwX9x5jP8hrjH25zWn9DGTSA8K,americanexpress
55,61,gbarczewski1o@bbc.co.uk,United States,1MjmJTrK94VxvShRMdSH6zg54uBz4ZZvkn,jcb
56,63,nmassey1q@xinhuanet.com,France,1FQHZfAhYgvnnRYu5ormXC3Z3k7WxBLjcN,diners-club-enroute
57,64,ncusworth1r@ebay.com,France,1J4FXCgyAvC1Kgp4em8X9kiVd8YNCLXTRc,jcb
58,65,dbeecker1s@tinypic.com,France,1NnvQYgPt7fSDVhHEZfFDpZfHrKqwSseQq,maestro
59,66,smanuele1t@ucsd.edu,France,14H1ES3YigazBLuqxb3vJVFGd7Fs4fRHN5,diners-club-us-ca
60,68,ncamel1v@devhub.com,France,1DJcRkQjHhTgScXGpSBJX1fhrctGYcYWbW,bankcard
61,69,blevay1w@msu.edu,France,1HZDKZuBW7kcRtFzEfTyTPDPUeYkj4cbf4,jcb
62,71,dplumbley1y@diigo.com,United States,1Gf4LPvcAP2dv4ah62ZLwDQzCYMBiXRxLx,switch
63,72,abillingsly1z@usgs.gov,United States,1NkrUawgGVi8MUUvAX4SuECSmWgeehZca6,switch
64,73,snurcombe20@posterous.com,United States,1AZrZYHauHrPDaAhtpezN4uBhsbadArS43,jcb
65,74,iayshford21@cpanel.net,France,1BGhWNi6uUCaMDMcKeHBsrW6iy7Fbi81VL,solo
66,75,blethcoe22@fema.gov,United States,1DLZ2eJ8oMXSYJHt4t3NbtdtnT8LVwsDqk,laser
67,76,rguyonneau23@biglobe.ne.jp,France,1MqYXPCZgNsc7TE2UJYfDxfd3C7SrdQhMu,maestro
68,77,speet24@discovery.com,United States,1Q1kyAdaVTVbeC4kqqbstf8UQGRgLcbKjj,bankcard
69,78,vseligson25@livejournal.com,United States,15DPDsP5f7mUTjCeeqyW6etuFanukXHT6f,americanexpress
70,79,dsteinson26@xrea.com,France,1NZ6a9rxCvdcHsSnJd8avCvawrkfR6E3wb,mastercard
71,80,clummis27@ucla.edu,France,1EaWFum7uizRuFj9We7nCzs51UAuHwsPEA,jcb
72,81,qbeaumont28@ft.com,France,1MfERBjXL5UxUTgNwiEfM1DR1TMpKYEwFa,diners-club-carte-blanche
73,82,nblumire29@cargocollective.com,France,19xxqGZhCdhZw5a87BByhFeyN5V1cU98o8,diners-club-international
74,83,itippett2a@desdev.cn,France,194n2Gy6DWiWB3iTMFHe1zNLsdrXPzzeSh,jcb
75,84,mbraams2b@bing.com,United States,1Kob8K4BHzPXJfjzfkFq3ZHgxHkj8scKTN,jcb
76,85,jhazeldene2c@sphinn.com,France,1BvQrhjPaRkqkWT8ExBVN6b2VcbLoJU5mJ,switch
77,86,adownie2d@globo.com,United States,1teET2Npuip2N1rHTT3Byx7K5hqavBZjy,solo
78,87,liacovone2e@house.gov,United States,1EdEXKba5D8Y4XE4W6B7drTQYf9qWY3t5g,visa-electron
79,88,bvynehall2f@eventbrite.com,United States,1FKNF52VLdJQgSzJR7ovhcCLRzYrphJKBz,americanexpress
80,89,rtommasi2g@google.ru,France,1G4MPdfYqRoBKBuLx5RYC3HPkLgRQhiEKJ,diners-club-carte-blanche
81,90,gbakes2h@shutterfly.com,United States,1PaBGb5gYYcEzShsenXCedf2LqMiNe61vS,maestro
82,92,tterron2j@mail.ru,France,1CHBfFCMxCfJYav13dzdVAWW8eP6cdFd2w,jcb
83,93,wemmanueli2k@ask.com,France,1CU8hvaK2qe9oJBtdnjgJmR1j5vA4ATxGw,jcb
84,94,scastelain2l@slashdot.org,United States,1NDmvzTjRuhCw6JhwwA1cWarYYN2A8T7Sm,jcb
85,95,gyouens2m@360.cn,France,16dLtrut4evp6GkGbZV3nqwzsGYiBcPiBZ,diners-club-enroute
86,96,jerbain2n@bbc.co.uk,France,1Pm8wDxHWUnzmxm3DEhSWST5WPhP77M9m8,jcb
87,97,aruggles2o@people.com.cn,France,1HfdsmQb3chN8e9BCABLZFfuMzHVvvqra9,visa-electron
88,98,elaybourn2p@github.com,France,1FeW6Nn2tRcLNZZdJ23KvXadEKyCUFryWt,maestro
89,99,jduigenan2q@purevolume.com,United States,1B6ET9iNCVnZdE9dkf8gKNMpGB4a6fTezw,maestro
90,100,dmyatt2r@utexas.edu,United States,1NqY2RWDCFNwrGtqQ5LWwP1SEAFcTH6F8d,jcb
91,101,ebohlje2s@jigsy.com,France,14UXTJPPjjxZ8JFAeVtHpTVWVLfpMVAQ6B,americanexpress
92,102,gbowcher2t@mail.ru,France,1PvMkvK2LKiuW2s5Jkch6DUQUnJq2gWWQX,jcb
93,103,rflaherty2u@livejournal.com,United States,1Lvb5n4YwDQ1rH3P2csntDgTU1aMHQ9HXp,switch
94,104,hostler2v@aboutads.info,France,1NtYD2e7T4nnMGQKjwS2RBshnTJNQxsAs3,visa-electron
95,106,vmcginnell2x@newsvine.com,United States,1LeTnuaETkv5zTaF9JiVU1yBeizgYwciFU,jcb
96,107,ccraine2y@ca.gov,France,1FcyvqMh2KcS71YftVH3vJeGpNsMzkwt62,visa-electron
97,111,mbentame32@zdnet.com,France,17WadgEjUWp2FfjY8n9E3LAVYH8Qitu3Ha,jcb
98,112,ajaeggi33@imdb.com,France,18xon7gpGtZHkxKngGjnHEAWJaptQXphco,mastercard
99,113,rragbourn34@vinaora.com,United States,1ASMSuymkM3rwSwiJtkknowrP2F5KWgBig,diners-club-enroute
100,114,sologhlen35@netscape.com,United States,1LJdmHRvFqCVSZcDE6CZxWsWRW6iQsSgbQ,diners-club-us-ca
101,115,gbrawson36@nationalgeographic.com,France,1NL1zmAiqQTX5vY1UZ5u4w7XJ2hbHVatdq,diners-club-us-ca
102,116,bisham37@taobao.com,France,195WYoD6Gdcic87GS2mgtX1J53n8SiXvCK,jcb
103,117,hlitton38@blog.com,United States,1HU2jTHUxYQNASUFGSRq1Enye483YH5GZM,jcb
104,118,cthombleson39@cloudflare.com,United States,12K7cT6qiokFzaQZe6VLkjjkdE7ajaBGow,jcb
105,119,sfullicks3a@answers.com,United States,15ffaZPDcrBU48gf9wh9XQ6snxwWJ12e3s,bankcard
106,120,liorizzo3b@indiatimes.com,France,1FGBr7TGN3xEcHYWcExYzXpqFbtuieXAoh,jcb
107,121,gaitcheson3c@lycos.com,United States,1FsjEpfDUNRCPAfEbHWrDKPxPRTTKBEcy9,visa-electron
108,122,lwillan3d@bandcamp.com,France,1EGjs7u3AyJqXKXV1aWwS64WrGVD8f2UdB,instapayment
109,123,bdelaeglise3e@pcworld.com,United States,1GnvVrnhTziN87BvzXpVrqrVGsgN6cDcP7,jcb
110,125,tballston3g@uiuc.edu,United States,1GJDZAyKtvFyWxF3gqqPxXYCbNxbUkwkwW,visa
111,126,mwilce3h@wp.com,United States,1HRDskdQToCiQKpmesWNutHvdoM6QgRXnM,diners-club-enroute
112,127,lpeare3i@nature.com,France,1BqbTFbERsvbgnVxS8Uc3n7Eby4ZE8WPey,mastercard
113,129,jpetkens3k@slideshare.net,United States,1NgoCt51zXpqrE3v6LymGhYDEzM5GnyY45,maestro
114,130,hjenkins3l@forbes.com,United States,14g6pVWWWNSkEJCZ7zVo5xbX6hin4EfEGk,jcb
115,131,kenrigo3m@comcast.net,France,14jCzHf2Cc4TN6yuo58Zp3pYnpZzuLXrw4,jcb
116,132,kpiotr3n@rediff.com,United States,1BYP7s3Cv6X2uFAAV5TFwvhPAZXZytZX7S,diners-club-enroute
117,133,bhalladey3o@blogger.com,United States,1BuSrTHpCQuScSBaDLbcTCfwJaRvZ9tamD,china-unionpay
118,134,jbeinke3p@youku.com,France,1PVkVkL2PBuiRrPMWjBqWq2vL5PdaWuDwX,americanexpress
119,135,vjankowski3q@wp.com,France,1MBn9t3VTKGEb1QqgfihPmP1V2oRdSTdfZ,jcb
120,136,bdabels3r@feedburner.com,France,1ArRjGy3s2J54WRFKu8bbPyh6HcTonnWpL,china-unionpay
121,137,sdukes3s@github.com,United States,161PNxXuRHdSAmCCv2F2DtJoDRmHH4Puvr,jcb
122,138,ccasserly3t@zimbio.com,United States,1mDwGuGn2n7QenUi4MCgE7wExNC3HHh33,jcb
123,139,dbonavia3u@java.com,United States,1FXqmMwzvGaaxRDq8M7jXnTq6MsbP3KRin,switch
124,140,apalle3v@tripadvisor.com,France,1GYuMekkLXWmx1D6n3uiw6cPM82yuEqSkE,jcb
125,141,jconahy3w@fastcompany.com,France,13bRpXXGH63ZwMPeT9WxywRnGx4E6mgecV,jcb
126,142,gnetti3x@cmu.edu,France,13c2w1omhiwR3sFZmX5oNuJQ2LrAhXDoYj,diners-club-carte-blanche
127,143,derrowe3y@php.net,United States,17LKWydgZEE4EkToW9EiM7sqU42yRinfgK,jcb
128,144,abaldwin3z@gizmodo.com,France,1MCLotznAUxXfrnErvHKvvDAdf8zHNdy32,jcb
129,145,tkores40@omniture.com,United States,1HruBJQL9tNACQYDKopB9pLRABn5Gqkgob,switch
130,146,vbeange41@mysql.com,France,1KhiztS1TitMACFY8z5fSGyRkeqTraUefv,jcb
131,147,ofochs42@unblog.fr,United States,1MixuvdkVZQhkFot85XQkcaY8hU1F4Ruov,switch
132,148,cpull43@cam.ac.uk,France,15i4CqJPiHJQ3sqLx8NLdZ6fgf8jsF2a9s,jcb
133,149,efick44@tumblr.com,France,1CXeVdukm8jrsQvP2JEike2vzZv6ZBn87Q,switch
134,150,lkoenen45@merriam-webster.com,United States,1EToNeah13gHCYZn9MW7wy46vwgoN9fWuJ,mastercard
135,151,kpitford46@rakuten.co.jp,France,17ocf7WWs8t4SkDojm8iMzQXsRSNDktJiB,switch
136,152,shourigan47@geocities.com,France,1Mr3iR2vr6QunToBxXkEsfEo8Mpnwy73vz,jcb
137,153,drosenstengel48@soup.io,United States,1N3UzFW9PhN4pcSzmxhssdfh9uvdTAPFDD,diners-club-carte-blanche
138,154,lbatterson49@mashable.com,United States,15t9EykKtqdKzV7Na9fc89orLhi93x4tpv,jcb
139,155,dmacfaell4a@washington.edu,France,124bbjEMLiPk2exfkohsD3MEhcLv3zBNYa,visa
140,156,kellington4b@vimeo.com,France,1FFFiPgmSA8P9VGH4utNN8JSHxHU9UfCwB,jcb
141,157,ncattemull4c@vimeo.com,United States,1HwYrw7942uzpNAzM8LeEoYNijERBYo2wm,jcb
142,158,askedge4d@patch.com,United States,1ETKFAWGae2by3mkFruDBeSxZRNNcnamhH,jcb
143,159,tschober4e@wp.com,United States,1H7Y1Srzv5zoo4dq3bWRTbxQdGW6X57ZNb,mastercard
144,160,pdunlea4f@wiley.com,France,1AT3QJwkTpD933maAjtXuJvnLFZGFELQhE,jcb
145,161,lmcardle4g@newyorker.com,United States,1BUYSP3vTanwdY84vRG2VXJVMCEzC6vewr,maestro
146,162,dpittoli4h@networkadvertising.org,United States,1GAjYkWjNDaJBWqTv83bNDW7QzwfWXsoJ6,jcb
147,163,dblackshaw4i@livejournal.com,France,1HezMrMEaBbjCWV9XBiH2JJqg4xCbMTwmh,maestro
148,164,hpetrolli4j@comsenz.com,France,1NyEMnfT5MnJKHCuEuotcTFpj5575CwLUR,americanexpress
149,166,bstronough4l@howstuffworks.com,France,1NXjmmfaJo9gTAY8UJG74Sktt1giH8Q9n5,switch
150,167,ntatlowe4m@github.io,United States,1CJbAcbo2KJ8rUoYk9ro9rf4rWKvRX7hkh,china-unionpay
151,168,vchrismas4n@free.fr,France,1GCFUAekWMpXhxJymkHCErBcHVSEPybPc2,maestro
152,169,kcotman4o@weibo.com,France,1N5kDn9gQoYQgecrKUVQrJMFRSadZjhf9x,diners-club-carte-blanche
153,170,gboni4p@technorati.com,France,1Bs4ypdN9onQTKTm5kfmDr74ooEfsVMi3c,maestro
154,171,lmugg4q@mac.com,France,15WQWCYLuwa2Zukkra8qyQxNd8BLgY9Rmc,americanexpress
155,172,dyewdall4r@amazon.co.uk,France,13FJ74PRU2vPkLfM5uQUaxCYEmqPmDf6St,jcb
156,173,chobell4s@bravesites.com,France,153KnGnhovzVeAk3BUfaJsQXggCbX1NQdy,switch
157,174,csalliss4t@vinaora.com,France,15B8xZXq95PpXcw6i6EXfxsxmEov6usgp4,china-unionpay
158,175,mdamrel4u@gravatar.com,France,19p8SGS8jt3vrH3KUSyYy15FdKeJStyVXC,switch
159,176,hmelmar4v@nyu.edu,France,1Ni2EpkWvzKcRKCCC32K1RQHkaNP1BUrzP,switch
160,178,larnaudet4x@businessinsider.com,France,18rb9oibQjXFUTcUd1y9BnyL6nbix6vrCn,diners-club-international
161,179,eferrarone4y@macromedia.com,United States,19azC7y2rks6uSVqXFsFC36tzsV73RiZcG,jcb
162,180,rreggler4z@google.es,United States,1Gt6d3Q5aR2doJTGK9UtuKAHGRF3Q6eQGt,mastercard
163,181,xklemz50@ebay.co.uk,France,145xey6tTkzco3hCzv1oEhHH7qgKanaJas,jcb
164,182,hmoulding51@opera.com,France,1bB5Py71mhhzRR3ZGyRPDYGgjp37uwxZ3,jcb
165,183,ngehrels52@netvibes.com,United States,12ybv1JmpRMgUAGHYWShxxeQRgTiuh6xdg,jcb
166,184,svanderweedenburg53@angelfire.com,France,1GR2Kpib9ejK3aNewhK6f6Rg4hyAzPh29s,jcb
167,185,lshah54@addtoany.com,France,1D47SM9hMGrV4unQyBCBbRsKeyN8bSNwMQ,jcb
168,186,aivanisov55@ustream.tv,France,19c8Kd7Hw3p2WFyfZn1VQKJS28gtsu4MaC,jcb
169,187,ccaban56@photobucket.com,United States,1FK4sM19KttfyuSQBgbjjctsdLPdbkzgRi,jcb
170,188,gocassidy57@multiply.com,France,1cBXQeSnrcCmywZf7RG6jogqWrMZjMhAW,jcb
171,190,gruttgers59@sogou.com,France,1P5SWDVgaPUV9CZe6KW8LFwpPcTEsWTdFt,mastercard
172,191,fbescoby5a@wikia.com,France,157xLaDdkV7Nd5FTHCGNYLBfy9Ei75PPae,china-unionpay
173,192,mlamprecht5b@chron.com,United States,13kWPvLSCWmJtxt3DkYabYqNLKmmoqt5Mn,maestro
174,193,plettley5c@pcworld.com,France,14mZuiWezPwYR85fYD9MRHYKEgNuZwTrcp,jcb
175,195,jivakin5e@cdbaby.com,France,1Hr5BLhSH1EpWA52QnESE1RadGfvej6W7Z,jcb
176,196,bmaxworthy5f@dedecms.com,United States,1DkmHzyC4e3PP1VmaJSmhjgQ2QmsqiKPde,instapayment
177,198,rmanueau5h@prlog.org,United States,1HS7zyoPMGAbB5cGAfsKjgueqYmbcdh5xe,mastercard
178,200,jciobutaro5j@blogspot.com,France,1CwHR4KqJRyHREsqKRVCeFABrp6rmJqTEj,jcb
179,201,omemmory5k@state.tx.us,United States,1HkfbqVncBbR3TbF3gxsMCnz5qTo6peera,jcb
180,202,gjaquiss5l@amazon.co.uk,France,1LfrgqGLAjX5DBKqJYTBW4Xa3QwP1gRQP2,switch
181,203,ygidman5m@mashable.com,France,12CPrDp5CdpAa19YvjN5ZvTicp4xV67G4o,jcb
182,204,jgoves5n@state.tx.us,France,1H8NYsiBZvNKtuXjGJxSBWJDkkYaNYv3VQ,bankcard
183,205,pwethered5o@naver.com,France,1N3vpjXV7cxaPZV4Pw6SbdTC1kMymURehs,jcb
184,206,kmarcinkus5p@wikipedia.org,France,1GmhCwp29wFg1mDu9Hoizd7YNNWDVfnUg4,switch
185,207,vayrton5q@nasa.gov,France,16AHqGfRx8y3R8dURNJopDHqV8eaDrmXJM,instapayment
186,208,pfilinkov5r@techcrunch.com,France,1FN4saPCSUd6uqwcasppGv6PmVeQMKUav6,jcb
187,209,athurlbeck5s@cloudflare.com,France,1L9ULvtcJm4kdGcL1SqQU9H2JXS6Aq34r9,jcb
188,210,klangton5t@youtu.be,France,186CvKEZCp8DuUhvXZigfDpJkoFgUsfPpA,diners-club-enroute
189,211,lhavick5u@cocolog-nifty.com,France,1CdwCvBu8icEQnTaLP3314mcEsJB7heJNQ,jcb
190,212,jdeetlof5v@free.fr,United States,14ddq1UeVDyToSn4Xb1brEu6XmEaHmq6z2,diners-club-carte-blanche
191,213,amartinon5w@slate.com,France,1LV77cQNAdCEnBEsAsGFJFNmoqXybEepVY,americanexpress
192,214,hmaides5x@google.cn,United States,1ChHpmUoxyHuGbsWbjyJzUaXRBoMiiSDuD,jcb
193,215,ngliddon5y@hhs.gov,United States,17vQbdUE2wuWVaS6BVQHdKrZtFuDnwdLKg,jcb
194,216,gcarstairs5z@e-recht24.de,United States,1GxFKXXNRwqcEVRWJygUq6bfGqFnyZqQek,mastercard
195,217,ekenset60@ehow.com,United States,12XXCG37m1Uyp6i5RjBr48YweNXKvF93c7,mastercard
196,218,clawranson61@usa.gov,United States,1LPtrk6hjJFjfGRPkLTdCHmtkEd6zdWkrt,switch
197,219,dquince62@list-manage.com,United States,1GPLB4YvWYxjQc3XEnsQFpPZdM8AWkrTvp,jcb
198,220,adowsing63@mail.ru,United States,16oxuFc7XUczTVySWSAGXF72GmqPaciBbj,laser
199,221,jmairs64@deliciousdays.com,France,13Y51ewMyALswNqeXCAFK3EA3QYGGCsqyw,jcb
200,222,npetrazzi65@weebly.com,France,1EQSwLm1wAnNFYFiCwtTHmM3nGX22neJ9Z,maestro
201,223,kditzel66@de.vu,United States,1G56Gqcy4vgnhw7am9unyV4iDTsxAkVHdG,diners-club-carte-blanche
202,224,ldrever67@livejournal.com,United States,121HTha5qKVuAGCxJMyS85Q5jtZMtm83bd,jcb
203,225,psturzaker68@un.org,France,18eQJ1EZYA1DgSqLhxpgx2RoUcvADeabt9,jcb
204,226,bkielty69@google.it,United States,13xmooAVhYeEbGxWVjYC1J9MXZ7chjnFgY,mastercard
205,227,cwraggs6a@instagram.com,United States,1LSvwiMshvxprFGDmvT4dsZFN7VFxnfBPu,jcb
206,228,lbarling6b@weibo.com,France,13fra8hY49MsJ3irFLsPHxPUe9PJn3epmq,china-unionpay
207,229,istichel6c@networksolutions.com,United States,1CSW6aaHQXSdkDp2Xtpd4HLRpjd6pWDvUr,visa-electron
208,230,eleyson6d@1688.com,United States,13HmqEWyUkcDDKLRSowKB7grFo8eHqQwsE,jcb
209,231,ogounin6e@reuters.com,United States,15q1tqP6ofqjvUJh8vaAwLUM7xefp6Jw6S,diners-club-carte-blanche
210,232,agoulder6f@dropbox.com,France,19tysa36qZLF8nSgxdejWQyNGtnktumX4a,jcb
211,233,croles6g@house.gov,United States,14eUoXGrk6VLLMzqLhE3KjeWDaujKwghgK,jcb
212,234,rlatore6h@stumbleupon.com,United States,17PmXcqSJkStkFfLR14AM3NKhNFnrQ26v5,jcb
213,235,rvonhindenburg6i@eepurl.com,France,1GzpFV7jYVr2YEgPrSH1AMU3SBuqVEj9BS,diners-club-enroute
214,236,aballchin6j@canalblog.com,France,1H3HSsLBpMC6NtAofmCEGzxtzF1MkRAPNJ,mastercard
215,237,icaccavella6k@noaa.gov,France,1AwREAB71P65RxtPnVUZZL2v15Tu4bMiUg,jcb
216,238,skeates6l@discovery.com,United States,12Y5FV38gyJSAtnhpq8rfwnbbFaqnouXcD,mastercard
217,240,rbownd6n@hostgator.com,United States,1Q2Yxj5j4LsDwp9MKA7aqac17xpqMJnXfH,china-unionpay
218,241,msanton6o@posterous.com,France,1Et7Huugu3eePsjEF6tDXqDZBnNuSuwpyW,mastercard
219,242,acosbey6p@wix.com,United States,1EffCTeyNhHrxi4kM45GR6sknVvrruU2ur,mastercard
220,243,mhowey6q@mapy.cz,France,14iUvpybfSGj53rXBgtihMZabepoqB2uCF,maestro
221,244,vmisson6r@arstechnica.com,United States,1C7x5uVLDuuY8FVxHLUYzt8stcbg8ukAZA,maestro
222,245,eschonfelder6s@ifeng.com,France,18FQxAJP5zeo9gqq3CGnFSnxZrRuKghHZb,jcb
223,246,lcornehl6t@wikia.com,France,1CuekofuqEMAW7SFtTTci2zevTy2tEzA7h,jcb
224,247,gtrowsdale6u@histats.com,France,15c5nD3ntu3pNEkACGKFjZCaHq6duiTeCU,switch
225,249,bbiglin6w@blogger.com,United States,193EpsAmaG69n9wjRtKqmXwrooPecqVgmq,jcb
226,250,cjerrolt6x@gnu.org,United States,1KosnqBcrj9Mo4mDnDy58vzXxuJezWuaZ3,jcb
227,251,bmacdearmid6y@php.net,United States,12azUbY3tGgVTQabLzWC8a4khWenPEbR6n,laser
228,252,areeder6z@discovery.com,France,1M4KAFyMJGr9Tw8VY5F8EkWVordUBbsyFb,jcb
229,253,dfounds70@slideshare.net,United States,13vD4E8iBT77kJuWptq4w9pRSWAKo1uv5u,maestro
230,254,cvenart71@springer.com,France,1P95SEHrkaPBLAcA546nh32AYWkXoB7UsY,diners-club-enroute
231,256,lsaul73@ox.ac.uk,France,1Hqp8WPgrtpDDCpYcHhqptjUbgcueww51J,jcb
232,257,ksilverman74@blinklist.com,France,17BXzGfFEgyxqfKgToLeKtsmJVF2YWd1XU,jcb
233,258,tswindin75@patch.com,France,13aoHZJXMCv5q5vNG9Ebwuk1Hk6TiJHfdX,jcb
234,259,rmusla76@nps.gov,United States,1QHnjnthQyb8m7kJ2ySMKi1BurKMhpeqfv,instapayment
235,260,losment77@homestead.com,United States,1AnnbmCAfwof4KxemequN61RbxiVZ8ZVJq,visa
236,261,sfoux78@nytimes.com,United States,1DqNy6TciWnC13zEytFrvRewqtTzgvoan2,jcb
237,262,cgounard79@storify.com,France,1KAeP1dcXv8R9jtSDFqRNxQcZysk5YSrhD,visa-electron
238,263,garblaster7a@tripod.com,France,194Y262AsEnvTfm8edyzTVskYKKc5QPEgv,visa
239,264,gtakis7b@si.edu,United States,1JQ7gVnRRyqwUENXu9pQZWV6QMGDBhC2WQ,mastercard
240,265,langrock7c@ucoz.ru,United States,14mYLAgSV5tZzRwtfL9YF5N2iFHxgEsr2d,americanexpress
241,266,cmilbourn7d@hostgator.com,France,16g28yLDNEPrFueJ3U1TWnBrC8jiYqdyz4,jcb
242,267,obranche7e@pagesperso-orange.fr,United States,1J2y5YaZBkjrxqfsmRKJoPFErQjck8EaNQ,mastercard
243,268,ageistmann7f@godaddy.com,France,13ZHXuakakxSAH3RetEVcvuR6oHqFL8Jft,diners-club-carte-blanche
244,269,nmunroe7g@samsung.com,France,1KWimXK82YVAeF4fBzrpa5Vm6hj2Xfnc5f,solo
245,270,slicquorish7h@bloomberg.com,France,16jzQnpHCyrUPHYw5ipEYQyszLtmYwUafp,diners-club-enroute
246,271,acockarill7i@japanpost.jp,United States,15sCc4Y88r8WmhKQHvJqkQ8D7Uf3sKTyi6,jcb
247,272,gmurdoch7j@yellowbook.com,France,15mziUAQKMjfmkENf7RTDBYmwwq5JqsDbN,jcb
248,273,graunds7k@wufoo.com,France,14uCQdJU8Bro2wLvz9SHdQMsL66gbZsUR7,visa
249,274,jwasylkiewicz7l@cmu.edu,France,1HBC2FaZj6uURbYmgP1ZSnxEQBfqMK5ZoU,jcb
250,275,awetton7m@jugem.jp,France,1ChtA8n82vNqQucA44PqZHzVwjxL6hD48p,jcb
251,276,aballham7n@storify.com,France,1MwMmq3rs9bkY8U6tV2dAo2VXUWj7bBgma,mastercard
252,277,jrabbatts7o@springer.com,France,13hHMbUYJHYZAvXSsF9tgMAQsn6wm7io2d,diners-club-carte-blanche
253,278,lbrannan7p@europa.eu,France,1L7ACa5TaTphyiyvTWbbdkADGPCieYUkrK,instapayment
254,279,tgreenhead7q@forbes.com,France,1LckxTcYAFbt6iftz7jRPBvDQvRkgiambY,diners-club-international
255,280,ftorrance7r@bravesites.com,United States,14erThnZzuHFFJH3H7cFLLZYUwZdvaQ7dj,china-unionpay
256,281,rromaint7s@4shared.com,United States,13yVGzTgW6e6H8Bi8roQBjKWu6rCWPEi8D,visa-electron
257,282,tkeeler7t@imageshack.us,France,12B6zy8LF2epqYCuosqdua7ojJ79FSFGdK,maestro
258,283,jsheffield7u@java.com,France,1GtChNuQdqvZAVmjdCvZC3iB2ajk54StSP,switch
259,284,mbligh7v@histats.com,France,1PpMmH1GDTMniLhUmdchaTPUMTc4WyhTg,jcb
260,285,rtretter7w@businesswire.com,United States,1JX9yVPD33YPEPM33XVzvD9BFQ2fYTDHYH,diners-club-carte-blanche
261,286,blandsborough7x@artisteer.com,France,13snYmCaNaBEjdNmJKerjyEgaVwkZMThZY,diners-club-enroute
262,287,cblackaller7y@oracle.com,France,1FPTbb6v7ETCM3UZWxxiTCMMfrtgsXo64F,visa-electron
263,288,elalevee7z@auda.org.au,United States,1Dzy17R4KiqTvn3tgpgBrfKJfPYPLUxP2m,visa-electron
264,289,dknobell80@comsenz.com,France,13TDxVRh5Yk52AzSHfuqTQbX1eNQqNf6kW,jcb
265,290,cstelfax81@dyndns.org,France,19sjCaWp7ScgbckiifwqYCsbagJJJNGZ6D,maestro
266,291,dleyfield82@uol.com.br,France,1J5cLfZfSGu4hauzPoJyxDyBTnmttiU7Mv,jcb
267,292,nfoister83@auda.org.au,France,14RR6isne5YGAT7rXnYoVnDmqFsr1qN9En,mastercard
268,295,chedaux86@cpanel.net,United States,1PVW9k3sN9agD6jepBn6gixHwbg1Hp23RN,jcb
269,297,cseebert88@ihg.com,United States,1H211F5U61hdWaciXvnRHXM51iVFtSLTFB,jcb
270,298,jselland89@bloglovin.com,United States,1J5VYJX8WzDy6J1nXWqeSyJcu3ud5VLuRj,jcb
271,300,kangove8b@rediff.com,France,1BGB1ncXeH8W9aS2B71gvew8mcxgmeDZf,jcb
272,301,dmcwilliams8c@symantec.com,France,1GKz8BapdTkRXpfTMEp6GNQx5LnN8UiB87,bankcard
273,302,fdundredge8d@usnews.com,United States,17wvAjBAhz74RncFBMRtSK22hapW8AySNE,jcb
274,303,lwetter8e@tmall.com,France,165mGLNU7SYRWM5sQnf6PBHFAD67Q5QhGb,mastercard
275,304,hpurkis8f@unblog.fr,United States,1B8dT3ofJbw22V3aTj5Rc6GraCK85yU2Md,china-unionpay
276,305,rphelan8g@imageshack.us,United States,1Fq77QXuvj5D6gb1obqGMWmXJTsKACyvxK,jcb
277,306,ohyder8h@fastcompany.com,United States,17DT7nzVyCivzDNmjQHqtTE9U9TUqwhtBo,jcb
278,307,klivingstone8i@spiegel.de,France,15HkWX51tCYcUMESCztCQdYQpwE1SyB7SG,jcb
279,308,ckirwin8j@jiathis.com,United States,15A2ggitCUo5L4yWpb2ML7erci9Jp4Z8Rs,diners-club-enroute
280,309,ywerrett8k@bizjournals.com,France,15y4NZnsEmoqgd1TzoWseT7EEfANMF67xm,china-unionpay
281,310,pmcgilvra8l@google.pl,France,15YarQFUn4ekmXE5nw36e1xur6myT9KH5f,jcb
282,311,wwhenham8m@woothemes.com,United States,16zZa198Rk6dtxB32hdnuaPAGR7JxGDNEp,bankcard
283,312,rffrench8n@walmart.com,United States,19sL3dKAJfukZnVwZdsme56pzoSDW4J2YN,jcb
284,313,gsunner8o@weather.com,United States,1pUH9XsWwZD2f1wAw4xCEcp4q16pPaRvK,jcb
285,314,kshedd8p@blogtalkradio.com,France,17Vd5jca82tmBKkWEj6LSkaedKXJ7hEfR7,jcb
286,315,jjenking8q@instagram.com,France,1FD3LL4h5ffxBNwHxznHmn3Yj8BaPxBRFL,china-unionpay
287,316,mivermee8r@printfriendly.com,France,13rF1bY9t9xws6mwd3RhZ3Nt9ij26SSyZW,jcb
288,317,blongden8s@de.vu,United States,1Hrn5A5Jwg4gQ8n97CZ8CQjthJpiMnYhDA,visa
289,318,rsannes8t@tumblr.com,France,1349ZpWGhugJkUBZrgDvNYA8chKpWna6Pv,maestro
290,319,lhaxby8u@europa.eu,France,1GVTUnpuiWtciq7pkpY3Nq6AG2fcxoatS7,visa-electron
291,320,hmcfade8v@addtoany.com,France,19RXhPG2Hc8Ujo8AxbkLvMHkMfz2W8ZTQt,jcb
292,321,lgovini8w@theguardian.com,France,1Pd7yqsh5GQFAQ7iGMCB6zSUVKCc9pi8ec,switch
293,322,nmccory8x@diigo.com,United States,14Qwa7J9TdWNGKGCrv5evfnQM73GcidtAs,jcb
294,323,vpitbladdo8y@merriam-webster.com,United States,1HVHbWmZ5dwE9w1V5fANhfefw46gNuvzDh,mastercard
295,324,bmcpharlain8z@infoseek.co.jp,United States,15jG8xupD1mGE8JMkrahvggB3CELQUoZ9t,diners-club-enroute
296,325,sgomersall90@nymag.com,United States,1ei9D3gRUUgvV5aGcCiBLtdU1aNaCAADf,switch
297,327,mwilber92@samsung.com,France,1PbHBaKrbjx1SWQEF5t7pYTsbQcNearXoX,maestro
298,328,agoncaves93@oakley.com,United States,1JndfBXRMFBS5obgPpgPosLZpJd6FnZzRh,jcb
299,330,dmahony95@sohu.com,United States,12ioTZGpKN2byb3qJ4BFTAZ863V4RXGyUh,visa-electron
300,331,bguyet96@tinypic.com,France,1FBU7wBWsE6JEUpQ4hkSFgGqw9kWTs5iay,mastercard
301,332,vmandrake97@ihg.com,United States,15anYX2567XYMQ2V7LzqChB3WBVKrXoKm9,instapayment
302,333,aneedham98@unesco.org,France,14Dh2tDjdseUVXmpXWh2NLS8pBY3dN2scY,china-unionpay
303,334,wmaccheyne99@cmu.edu,United States,1GBCPvp6MzVowiwSfUzXChbvZfqE3cwoRQ,diners-club-international
304,335,dmillen9a@4shared.com,France,13FMGVNTSrfCejS7axjahJLJ77GzUMq4mh,solo
305,336,jwinnett9b@narod.ru,France,17GuAswyiDFv2mCb1b5UP8fjtkPJzFUUi9,diners-club-carte-blanche
306,337,tmckinie9c@edublogs.org,France,12PN3DrSwhMdpsmFfeuXtDbSD9Zh4rZTxS,jcb
307,338,gdalbey9d@tiny.cc,United States,1GdqNq5UnR4RxeqtYB9P5CTRrhP8RGvBKz,solo
308,339,arosenblum9e@blogspot.com,France,1LMsEntv9o93geoFHspTNRwcPpftZgJHKW,diners-club-carte-blanche
309,340,pchipp9f@ehow.com,United States,12rcsUNJwV1k4A7yTnN1ircMNuPAdsrf87,jcb
310,341,egallaher9g@51.la,United States,1P6aFYrVxtB9iX2LLNx8AgrmyvqhhrnB3F,jcb
311,342,gbartholomieu9h@barnesandnoble.com,United States,1AEg6F4g1VjnQXEUAGmskrFvt6adRW1xux,maestro
312,343,jnorley9i@ning.com,France,1Pn2FyJyvkVi2zx8hsDWSBjEWQhUfvryvG,jcb
313,344,dpickaver9j@jiathis.com,France,16YNj3Ju1hb1L9ZheYiT72NkvaGoGgXLQn,switch
314,346,dskough9l@imgur.com,United States,1Fm2BrsFkx6Q9htZW4NDQUzZUs85PdVoE7,switch
315,347,kpeacop9m@sbwire.com,France,16e9nooo8LuQg1WM7cnvozv3yZ61SuxR89,visa-electron
316,348,kschumacher9n@domainmarket.com,United States,1Aaw7zeX5iuTerphiJJKRs9iouSbbkErke,switch
317,349,jcolborn9o@usatoday.com,United States,17DEkzPxVJhf4HWoSVvJj2vrTn4UViQvJ6,americanexpress
318,350,kbakey9p@cargocollective.com,France,1GdNU2SUFHyM9LpyKFt5PrewQvb6UiWJyk,switch
319,351,fthrussell9q@prlog.org,France,16YT5yNmwdgYob4QvQc1ncendC8iZ59uw7,jcb
320,352,jgoolden9r@sourceforge.net,France,14UZ89fouyet4QK4s6j7CWJ6YsU7QA3fC9,bankcard
321,353,tdarton9s@t.co,United States,13GTMnErupTJKcWhbURrWouRfgJYwr55BT,jcb
322,355,cteese9u@economist.com,United States,14ni6zUzCtsAvXoQWrbVRk2d9dcPqymTi9,diners-club-enroute
323,356,celstob9v@ehow.com,France,1GFZcQMy5ScyjMB8jZVpdtJcrR2KGLDeo7,jcb
324,357,cmalser9w@businessinsider.com,France,1K3HNnjujV2R3nc5r81824Dsbf3CVzNRx5,jcb
325,358,jivie9x@google.com.br,France,1FwtfKYxYaneECkD5BaQnyQKtc64qTiSGW,jcb
326,359,cakehurst9y@example.com,France,13Xmjbi7tiQx744Vb4F15MpQ9WsYSLkwME,jcb
327,361,hjaya0@icq.com,France,1AAxNDSHKFJsXzAhAPxhc41ttuvqxAfQmS,mastercard
328,362,mkettridgea1@npr.org,France,1KLZLE7QBBiwyV4pfQjf4uex7mD32g8PLf,americanexpress
329,363,uglandona2@typepad.com,France,12itRRT2UvwKkZQt4BWNqrRVJ9MyEnyYzY,switch
330,364,hwoodruffa3@1und1.de,France,13xqvAY3sepCSFncpPWLf8DLkuPWHutTGb,diners-club-enroute
331,365,sduesburya4@admin.ch,United States,1PpqjiMYEMNmUteHRcSbj7Uz7o37v7JdS5,jcb
332,366,wlidella5@harvard.edu,France,16jLSZd1n5MFQLoYV2Yo67sVi3ZmLM9Czs,jcb
333,368,cbragaa7@thetimes.co.uk,France,19FT4M3CK7zrNApNMa6aatFrvF8cjMXZ2q,jcb
334,369,aheatleya8@pen.io,United States,1Q3bk1G4FbJYqV3SzNP4bnSKbsVuUe688u,visa-electron
335,370,etrinbeya9@homestead.com,France,1C7zcZvYBUuqP2GoP41SCG14d9wYKokNLf,bankcard
336,371,mburdonaa@infoseek.co.jp,France,17jF2xumWv1Uuciy96QKzuCEpoXDqCrczD,switch
337,372,bglennardab@amazon.com,France,17nmbu4ETgtcZfkw8gEpcJAesBjzprcSzR,laser
338,373,adedamac@arizona.edu,United States,1DVAgWzytyUMWm5hb8v5VDUboXEH3ARs4e,americanexpress
339,374,lteazead@house.gov,France,1AAFVEaSdDtDCHDxLc2CMsjQQzVrSZBfK2,jcb
340,375,nnavarreae@weibo.com,France,1Dt9WkpAxMU3FNLKxfdm4oyckSgoyaRmph,jcb
341,376,hbernardezaf@purevolume.com,France,1KLkcdF4NVCovY2sB4TBwutHMPNsMBLVUF,jcb
342,377,clessmareag@myspace.com,United States,1HruRU5Nns4vPKhahzumaBmh2ujab7RBQV,jcb
343,378,rmonseyah@cbslocal.com,France,113c2GCsYdpBRRM22VNXgWHqsHHFEjRqt3,laser
344,380,bpatiseaj@umn.edu,United States,1LZSz2P3pfdPHcbPHsi6UzoK5kU7p2byXk,americanexpress
345,381,ebarttrumak@livejournal.com,United States,1GywFVxzyi9Vq1CWzX9t93cvB5rQjKQ7GP,instapayment
346,382,rbosnellal@imageshack.us,United States,1BMx6996gkfoYNzgga2M6NxDf9ne1riNxS,china-unionpay
347,383,tstockeram@google.ru,United States,19ZdcGYCmcSU75Gpke6D5YPojJ7KAzXKsY,jcb
348,384,gkneeshawan@army.mil,France,162Er9YsS17XMawnx1qeYDjeT9krKzDHVJ,americanexpress
349,385,mleavryao@nsw.gov.au,France,1HGACucoijr83YcLmo1Zuba4zUo8MgzXDs,mastercard
350,386,iphillinsap@live.com,United States,18gbKL8KKrECn4vd2PxnuvLR7Wg7pob3Dv,jcb
351,387,bgiacominiaq@rediff.com,United States,1CZNPbq2U9YMUb16bzoUSfqWdWCy37FdRo,solo
352,388,llarwayar@xrea.com,France,1CTjE1mRKJv4ec38vSbAQ7SXQktK5377qt,switch
353,389,jchaceas@google.pl,France,1HVyvrgpgcp89pjqHPWjeamaKEJ34XGKGk,visa-electron
354,391,chawkau@icq.com,France,19hkw931gbWmEaKD4TQWmHdxDDsmNX7mCo,jcb
355,392,jfarrenav@seattletimes.com,United States,16Ba8ygArg2dmCp9iZxJ3ibfWdCUNE7oVT,switch
356,393,nmcbeathaw@naver.com,United States,19DtK1HkWLZ9nvnxoFePZ4LaDegf91LUNW,jcb
357,394,wbignellax@cpanel.net,France,1PLc9Kpx7WfLTrmnBz6myHEF4JKMHRuSJB,jcb
358,395,cdongallay@usatoday.com,United States,19N92FcbHmx1663qgQoPY3Q3ryCoT3NMQT,diners-club-enroute
359,396,redgecombeaz@google.ru,United States,1L9iqwE1rGhQP4zCkj6bXpWNicVPqLbqnD,jcb
360,397,asebleyb0@blogtalkradio.com,France,1FEJkLE6ARAJw2f3TTQMw1PoSR2BHp2N9q,maestro
361,398,dlarrieb1@flickr.com,France,1Mo4WCa8K4zJnzjNuYuMWAmDJnDH85bimw,jcb
362,399,rprembleb2@toplist.cz,France,1FfHuWbX1MLd52rWcY4ydosoXxPTuEL4x8,mastercard
363,400,cromeob3@biblegateway.com,France,155yttx4n3AP7FRcrfRp8A2iAJZPmn1XKh,jcb
364,401,hharfordb4@dailymotion.com,France,1Jkk9XtQrubLEige8r19YMHSkqqH7hYodM,diners-club-enroute
365,402,awithamb5@ebay.co.uk,United States,1G17G8zzqGzHHvToKCT2fQH5fZiLucdP4b,mastercard
366,403,omcgreyb6@youtu.be,United States,1MgqVsViX7YPossqyaGUtVaUasKG8MhTmU,jcb
367,404,cmathelyb7@delicious.com,United States,1MPrUBpH5ykYPvs2oYuFTnsyjzes1bXvwG,mastercard
368,405,pmityakovb8@purevolume.com,United States,17G3HCjaSvCVF5K1ZQMaYWvx5t5er9MRfF,diners-club-carte-blanche
369,407,pdugaldba@prnewswire.com,France,1MisSxHw9kxdstqhBiDfcTuKH87B1Mk7wc,jcb
370,408,ckebellbb@google.ru,United States,1KkSGYU3ejCU2dZQtwqxn6Adid6i7SSKC3,jcb
371,409,gbrumbybc@yolasite.com,France,19KsxNnAmX1tkwTaCXgX5qQL1QQhNFFQoo,visa-electron
372,410,ecollyearbd@typepad.com,France,1CR4hiFtPSKdExufAozXHBzoFqjDpnFSdi,jcb
373,411,kmalitrottbe@joomla.org,United States,14aBhxn6Er3XPCc2tNMMqf6pLrkjhPJPyg,diners-club-carte-blanche
374,412,lrushfordbf@nytimes.com,France,16nzDMU3wczaWKLpoFqepMT2a1BHtVtLBB,americanexpress
375,413,emessentbg@t.co,United States,17iaUoGfdTiY9ekYXxNQhU8yYC4cJGiGLN,jcb
376,415,strittonbi@livejournal.com,France,15r3ri6ZLp9TiZfMyWaiWyPJq6eu8He6cM,jcb
377,416,karchbj@so-net.ne.jp,France,125SSMbJZdM8xT1tDkQBAzowhMZQ7etZsW,jcb
378,417,efarnabybk@cmu.edu,United States,18MMFV777uk35mSQG9aFgqtKj6Z3Wv8vm2,laser
379,418,barnleybl@blogspot.com,France,1FmWPASp41msUQq22fPMJRcAqbjJkbiD9d,mastercard
380,419,bgrishanovbm@arstechnica.com,United States,19921XJMavRWFem8gCThCsLSnq7ntZRRVA,jcb
381,420,gleilbn@cnn.com,France,1DX4rz6okUoQ3a2e8iuAr7CJhAGMkZEiqF,jcb
382,421,bmaxweellbo@uiuc.edu,France,1CbYveweCi5UJeZUwTk5pnpL8XUeR6HQft,visa-electron
383,422,amccliffertybp@histats.com,France,1Nx3d81y7pWcHcBowTNoPKDRC7btBSax4c,jcb
384,423,ldownsbq@ftc.gov,France,1QCs1FHDjsKSGzAfQ1ydB56VcFo81ntdnf,china-unionpay
385,424,cdupreybr@walmart.com,United States,1CVS6Zg2CoYgqjHfHmizY9dYpGD9VuBNQQ,jcb
386,425,ogetleybs@fc2.com,United States,1Q4mib5vXfx2pXNdcXxQHwA3wMzCLLpxPx,jcb
387,426,iiannebt@etsy.com,France,1NdeLrvcQrkXDeRh5ET9LxHaug5DQr55oj,maestro
388,427,bmordonbu@telegraph.co.uk,France,1yS6MyNqb5qJrVzuYpdyy5KTXcuNP2Bmr,mastercard
389,428,mmallordbv@yellowpages.com,United States,1BhMz5z5N6haZ2z35v2KhPioweLaj9Na3i,jcb
390,429,cmcpaikbw@wikispaces.com,France,16KyyvuedLiDznKyRYrFG63L1RvUQT36ZL,diners-club-carte-blanche
391,430,ariccardobx@surveymonkey.com,United States,18gSATyxyXYhv7jeyv7LaAfLDbxfbKmbx5,mastercard
392,431,aoraeby@psu.edu,United States,1KYvzn1cU8ZWDurFWLc9ef3UHnk6DRQ5uB,visa-electron
393,432,pmicheaubz@goo.ne.jp,United States,17hegmkTiNfLXvr3pWj88HoiBMyo2rF5kR,jcb
394,433,yhaibelc0@sphinn.com,United States,1CMrt7zhyCSFcEfCQJSQMiBJHwCxcTfpx6,americanexpress
395,434,jeltc1@seattletimes.com,France,1Ne3wk6XGTVZv4HGcRyae9vd5wMPuGqFd3,jcb
396,435,dhaddowc2@lycos.com,United States,1FUM2BSWQvmJUWTuHMtSM1unr2YrG9cbjh,mastercard
397,437,driordanc4@diigo.com,United States,1PoBjdXhKbqfa38asGNMUC1V2TEof5qG2y,jcb
398,438,mdoveyc5@joomla.org,United States,14JoGwMUMHKVJZtiKEPaXZcL6ZpSec87km,bankcard
399,439,lspradbrowc6@friendfeed.com,United States,1LghKgknSqWhs2FebHyB1NzgV9Kp97WDxN,jcb
400,440,dnorcliffec7@arizona.edu,France,1EjXb7yXkPeUPkQp3RcWHzTQntxQGabPWa,visa
401,441,hrivettc8@e-recht24.de,France,1JSRwYnRijDWaLuWU3YvvBfc2y6GyK3VEo,jcb
402,442,dleeburnc9@biblegateway.com,United States,1AmVMhj9h1zEDucgYNeGqcwg3mTbuLZY5N,jcb
403,443,bboughtonca@discovery.com,France,1AYdyiCWjX57C9MSjgb68DpZ81iALKM1Kj,diners-club-enroute
404,444,bdomonkoscb@reddit.com,United States,1LRjKqx9bgARz4xmgW6NFazSd5qaWGoCF7,americanexpress
405,445,adavidgecc@usgs.gov,United States,1MGtj223t9wM8CEzd1VW8CtCSHX5ZYjVm,jcb
406,446,mklemensiewiczcd@friendfeed.com,United States,1A27yCHxDLX2Ba8HoA6HhriCWWB7H9emnR,maestro
407,447,lgrabiecce@icio.us,United States,1HuGhBeNG83AzbbFUbM1igXBoy19Jx4saq,diners-club-enroute
408,448,ielsomcf@patch.com,France,13o9y3CSfRa9SsufD14S1yudfeZ96gDPCp,jcb
409,449,bkenratcg@google.es,France,1MJJjgwRx3yFzWD9cfJAE6ga7HShGN3gUy,jcb
410,451,lgodleyci@cornell.edu,United States,1AszM9CZt7nPHSVyqV7KXhyu7CdC7J9o5q,visa-electron
411,452,nrayburncj@who.int,France,1FeijF2pdF18oS9HRhQVbHZXB9h6Zg3X9C,jcb
412,453,psinkingsck@hexun.com,France,1BHozuEVBXMJTiWPuMMYjJbtQthmRYR1Ng,maestro
413,454,srozeacl@ft.com,France,1LaghQQxcfdSK1j6rYxhND8vAQryWqfYnH,switch
414,455,dweinhamcm@nbcnews.com,France,16WTGhfwStR7c7uYi9aSbSTTE5PTBnU2Bj,diners-club-us-ca
415,456,stitecn@newyorker.com,France,16sWxTKv6eyxjCJd4tGhV85rTBS2KPBQo2,jcb
416,457,dchaundyco@wordpress.org,France,15WDprvnJdq9NyxCkq2fpyXitbZ4eN9LQ9,jcb
417,458,dlapidescp@topsy.com,United States,1QKof9h3i3kx1zupzfNCyV5UYAmQHnG6Ft,jcb
418,459,avedenisovcq@homestead.com,France,1LPkNCX2QXaC695FpjPZDfvFUeu8unJzJJ,mastercard
419,460,revettcr@bizjournals.com,France,14EVQwpD4wvhoccrg1eB9wkALXoLZzPHy6,jcb
420,461,ebrokenshawcs@google.nl,United States,1nJmrEjRUQZSfC45T5b9t4Tj1cwJQ9QJS,americanexpress
421,463,siaduccellicu@nifty.com,France,1KScXuCwX2CN9RZYaF2XfajtK3LfAXPMZX,jcb
422,464,bmullancv@blogger.com,France,1DmJ3s3kQMXDPkCBjzDVNXc8N9DoUuGvhn,jcb
423,465,mglewcw@harvard.edu,France,1P6FSMX5tHtjjrpup8Mzox43eMyeBSHBub,bankcard
424,466,jkingsnorthcx@xrea.com,France,1JZKXzfwXM2XGXhJ8BiMetc69cawUQZ4Uk,diners-club-us-ca
425,468,mcoochcz@berkeley.edu,France,16DYxkURoujy86zMA2QNxifhQHzoouqdNw,maestro
426,469,gtownsleyd0@usda.gov,United States,122jkjtEpUfNm9etcAPHkmFwS55BpRZ8iW,mastercard
427,470,oreedmand1@elegantthemes.com,United States,17zNN3ZwZsHy5Gter17QSBTy6u4nfuEEiQ,jcb
428,471,ngoodied2@ted.com,France,1ER4afAybP4QnNKBdmowqXMQT7PDbWT9e8,jcb
429,472,gblissittd3@oracle.com,France,1HYLUniGTh4ainTw8T1VoT9QnxHq2jmejv,diners-club-carte-blanche
430,473,csutlieffd4@dmoz.org,France,1B3KgaJHWZux2GpwWHkkAzNmHnphru2Sy9,china-unionpay
431,474,rcrilleyd5@ehow.com,France,1NCXqhoWBYEZdQNJfJXYxMwf4ycohkgRR3,diners-club-us-ca
432,475,ellopd6@miibeian.gov.cn,France,1Duj6USKpTNtgbfxPaSLGd6GXek8hVbeNf,visa-electron
433,476,mstrewthersd7@boston.com,France,1ySiKM1KYDANnG77CcDqKN8CND3Vxi6Vt,visa-electron
434,477,kelstond8@earthlink.net,France,14T3iqux2z4GGyD6RAKzmGXzB4b4M16YvV,jcb
435,478,obotterilld9@zdnet.com,United States,1FxaxaAR5LVBTPQEiNqTwbmBmtgedYxYMU,bankcard
436,479,dyanezda@163.com,United States,1B6osPE4vA58XJNvzMCoDyUTkYqyesdxZ9,jcb
437,480,kmarinerdb@craigslist.org,France,1BuFXTKsP2yCERJaKXmPBTJLGcjj3Lr6Xe,jcb
438,481,rrizzettidc@nature.com,France,1BgRseRo1zVhnC4e6qg6bAXDRvw7K7rsGX,solo
439,483,lcankettde@senate.gov,United States,1BaVHsiTuRPjzokj1kR2Mww2igfVTKqKmG,mastercard
440,484,scrangdf@hao123.com,France,1L2sgtrs9hJ9TrG9iwrZ5uco4cobLdpsfu,diners-club-carte-blanche
441,485,cfrantzendg@1688.com,France,19cnTvzEuGVGnZ8EdR1do2UoRx1va3vroX,jcb
442,487,hbrehatdi@e-recht24.de,United States,1HT9xmSaZB1NgUeDgP6CfQgTiLCBXRknaE,jcb
443,488,jdraxforddj@bbb.org,United States,1JEjeG9nRjNMwnp6DSHSMpZHT16PAMFeiQ,diners-club-us-ca
444,489,sfinnerandk@dropbox.com,United States,16gP95nWwoiUgJitXvNbd3JUvM8xgzuifh,jcb
445,490,lthorndl@mtv.com,France,1KdPjZGEnUwZBk9YfhE1VbYV65X2UPpaoH,jcb
446,491,ttamesdm@quantcast.com,United States,1F6YD4ci99wmbWLRCaxXR4MPiHg5wsMJnC,switch
447,492,dantwisdn@dagondesign.com,United States,1DBEnbEKHxUM16CzRpbJoLH8W6SZSS7bKR,jcb
448,493,hkimblendo@rakuten.co.jp,United States,1EiTVyneX9KaKD3zRi97Wm3ikGfHHQX1K6,visa-electron
449,494,vcossumdp@dailymotion.com,United States,1EJNDxd3DBNkDy8P8fkbHfBvYCYtQrCv5X,jcb
450,495,hburgwyndq@reddit.com,France,13w8rfvivN1Pb9NXjqMbDAZfcSzfHTefRA,jcb
451,496,isherandr@msu.edu,France,1Mg4dm3TGYNh5bjDzajHdeeSTGqysZJDTM,jcb
452,497,dmerrywetherds@xrea.com,United States,1FVx782kbAAwb7tgDnnq6WZzzGA5TBRecX,jcb
453,498,mwolseydt@bloomberg.com,France,1PBFZ2X2wvAP9BnfpVeC9DT9SBK88bT8He,jcb
454,499,jrowneydu@uol.com.br,France,14X3kTpmYak2qbDwvK7JuzqPq723s4NaMd,jcb
455,500,bbeakedv@facebook.com,France,1F4iy9d2Bc7nte2T2Tud3pmyjZHFkZ5xjY,maestro
456,501,ichattertondw@rakuten.co.jp,United States,1NjLTTrQ7hCUBSMbBcGvJSffgB5sFRReib,jcb
457,502,wkrzysztofdx@unblog.fr,United States,19LULSGbTNp9xrWGm1bLfARwiLSZWZU7eV,china-unionpay
458,503,lmenichidy@hexun.com,France,1BU48zSPChkaivftxv9WyQc8s4REkShJcz,jcb
459,504,mspollendz@fema.gov,United States,1PDnw1yPZzaEzGckrWoiAao4gq1ZC2QfTR,bankcard
460,505,gknollere0@intel.com,France,1FFg7EQ7u2zuauizSKc5sBLn23Nnnt5CWw,maestro
461,506,relricke1@globo.com,United States,1KjbGDkoUAAw4xGFLsyFLoN6gXdEJtLScn,jcb
462,507,kaberkirdere2@over-blog.com,France,18jammQn9XpXqMKrbKWrLtdwixsRGvJPNS,jcb
463,509,mdeeslye4@marriott.com,United States,174WHbEG3q5vhJrr7dSqopQbZu6YYQBL5H,jcb
464,510,eskeggse5@blinklist.com,United States,1Cajdaq1MtzoD2XeSC9knyhXbhnNjcRxLj,jcb
465,511,wbenediktssone6@wiley.com,United States,18uZLkg2J5QhdrSJxhBwfz2mKGmb73EZhj,jcb
466,512,dalberye7@si.edu,United States,1LDVfxy2D8jY2nzsAPdpFePvu61cwGTop5,jcb
467,515,tgarlingeea@constantcontact.com,United States,13WrZXnFFhdmNBcbPnUxYMUEzLHpHQG1CR,visa-electron
468,516,pbroomhalleb@google.co.jp,France,1MPh6cmdX8aZyfCG2Hf3PChW8XPRrdAePs,visa-electron
469,517,wrohlfsec@behance.net,France,1B1nrVveg5H7QCSnyAKDmwApJYAt9P5USS,diners-club-carte-blanche
470,518,mgrinsteaded@istockphoto.com,France,138eovQHHM7qAL9pFvt4b2Qf6WmDDPLNvU,solo
471,519,rarkilee@dagondesign.com,France,1P8Rz7AVZvuHb3ySCDcLKKdq9jfZzoCGuM,visa
472,520,emardollef@businessinsider.com,France,1N3u2FJx3JQhwDcN28yGCMfwfziBGy2oV2,laser
473,521,hdumphreyseg@ucoz.ru,France,1BCB5QFbcPu2avL3VLdoZcVao4nzk3CX8t,jcb
474,522,ccaesmaneh@yolasite.com,France,15kcxcxkCVygHRjcaxjMrQ1xfzykYUQ3vg,jcb
475,523,bpeaseyei@ox.ac.uk,United States,15f2UuVu2Fp3o86R5BeVwa8xmjJ9mzwUMN,diners-club-carte-blanche
476,524,crihaej@wikispaces.com,France,18f1AsbDadSh3to5T6Jdpje3bPNoU4w33j,jcb
477,525,fstrongitharmek@npr.org,United States,1B4GPdjDASgQMZVfb6bNUMyhiePCvWXkfs,switch
478,526,mtyrerel@merriam-webster.com,France,15fwBJvTHhnc4Zss1GWESx5jUDM1eGjEPC,jcb
479,527,ohorleyem@sina.com.cn,France,1ARu46u6p33GM9rZ7yRFqoY7FYNszRSDon,jcb
480,528,jfullaloveen@t-online.de,United States,12JsLwuTscoqMwEcg2T3NmuQSoBPfeRTG9,diners-club-enroute
481,530,rsplevinsep@cornell.edu,United States,1ELVLTXnwghLNpPgoRhQJvMsGV7gazaP6q,maestro
482,531,kgatmaneq@acquirethisname.com,France,1E6GxFTDx46fYYd5Hv3HnUoyXWxAfPDTzu,bankcard
483,532,ldebrokeer@goo.gl,France,1PmYNUHLYB5qaHSF4HaDdiwy7vM2tCJdnB,jcb
484,533,vlittelles@ebay.com,United States,13687zvXd9636oPQNqvQxRXtWH58X3EEhU,visa-electron
485,534,cgullyeset@com.com,France,1AeQB8VMMr4fJ1gapA8RCdTBU6B9iTwYiM,diners-club-carte-blanche
486,535,wstarfordeu@wisc.edu,France,1DZBQiyWQ5KbxMRJKfYwBvC9qWYfEhMVeB,jcb
487,536,ewickendonev@about.me,France,1NXM2NHJAaB18RDFXKXducNZbJ1HWEBLgb,maestro
488,537,pdonatew@1und1.de,France,1CEnv5Q9UbduMmAhshGsanhDUJMpG88ToU,diners-club-carte-blanche
489,538,cboldtex@go.com,France,14pMDzX5XQiq687QWKGhqTHx8D3andsAZF,americanexpress
490,539,wearneyey@mysql.com,United States,1AUm2eLbXToM9GV3CxbKXcuEkWV3AStZYa,switch
491,540,bkensitez@skyrock.com,France,14KWZZR8UZXJJZRMwW9rbjq1hGFPkjF9YT,jcb
492,541,awalasikf0@imgur.com,France,1Nb7KgHfUYKWsQ9WdxAxqPAQD8NndU6gsA,jcb
493,542,tfynnf1@rediff.com,France,1BPu8UecjFbUKq4SbxP75YiLQwizz5vjNq,diners-club-enroute
494,543,dattackf2@google.ru,France,13GUQBp98k2WwGAvQpEeRSasxhrhMwXkYz,diners-club-carte-blanche
495,544,izealanderf3@dyndns.org,France,1HQoYGBRXkUfCVLHQzY7XviT5cnDFPAVqh,visa
496,545,nmaccreef4@jugem.jp,United States,1HngA51xwPbeB4SLHCJkvTJGEDwx4A2LA4,diners-club-enroute
497,546,sagassf5@narod.ru,France,1KBp4VF7CNHdU2zLKXJz5V1nCWxGPU1uZR,bankcard
498,547,hdedenhamf6@usda.gov,France,1M3ZwwAnsffECKpqyvC6kb3HasDQwyC7j2,jcb
499,549,nmulvyf8@discuz.net,United States,1PDuiJRzCi95t8hz8mqXav3AjsAUyCi3Sv,bankcard
500,550,tdenizetf9@slashdot.org,United States,13SBN6a7aMWhJRLktePwUsibrorVp5ntQF,switch
501,551,pwanlessfa@disqus.com,United States,16EaThdACNoy29C5NePZYmSkjQt7Z4ai3G,jcb
502,552,ldigginfb@bloglines.com,United States,12ndY6VoP47a157SYE7ybf1PvTcUw54ZiX,mastercard
503,553,yboribalfc@hp.com,France,13YrgboMCwg9opTLArJfL7artAuZerfjMy,jcb
504,554,etuxwellfd@facebook.com,France,1SVVz4cGJsCpUjKBkQHHnigj9PgPZjmoV,jcb
505,555,labramsfe@baidu.com,United States,1JDSk8HxdGSnoQjGrs4ofh98yF2wKQJXrU,maestro
506,556,smartinhoff@dell.com,United States,1maXE3VSxVHcaEDuWD1hEvtkHaFMuqtR7,jcb
507,557,cdiprosefg@trellian.com,France,1He4WQHzdDuM3GoKfLsFtTwf4yfceLMcyA,solo
508,558,aalfordefh@patch.com,United States,19icgsZyCbpv6T1dVudM1ow4SN8N1ss1N6,laser
509,559,gpellantfi@hhs.gov,United States,1DXkoYqPQbjQLCWfYnjSKBCjFEcEcJEu1z,solo
510,560,gwolfordfj@dion.ne.jp,France,1KQVm8B3dgzyXGnXcRL6h5VuMgqmpUdeo1,visa-electron
511,561,lgilardengofk@ehow.com,France,1AVYaoNUk5mSChDsonrLMXCpw2EvBoCLzh,jcb
512,562,dbroadstockfl@kickstarter.com,United States,1MkuHvKMSVG7REqj1n5XGXEzmR2mpmHCer,jcb
513,563,mbullinfm@prweb.com,United States,1kXGekKcwhTLXxbGDHWj6LdzexMSe8t87,switch
514,564,gdarbeyfn@deliciousdays.com,United States,1MLDzAz7CprQex4Rs1jGw3JTd8mAR2Qgex,jcb
515,565,bmccoughanfo@github.com,United States,1CfEAswgubEV13hr5rKwTHfCtY38DjB5rF,switch
516,566,jdilowayfp@amazonaws.com,France,127hjKGjX4drGZBBSp3L1dZB6cXGoyhKkh,jcb
517,567,bchuneyfq@psu.edu,France,1PUHrqQaS6R6wMBVLcBEioGbRJeYNogRya,jcb
518,568,eheppenspallfr@cbc.ca,United States,1AapKU8RuAcEpDHY1esBbJyRCZf1SAycKc,jcb
519,569,cjanochfs@twitpic.com,France,17ZTbrJvkDWMZRPfAbe34Nu7tJyNQa3FKE,laser
520,570,iisabellft@sogou.com,France,1JUV5teCha6SZN3ysE1bXZQC18fnYcPJnz,jcb
521,571,glacyfu@people.com.cn,United States,1CnxsgBJXLajMK4FS6wFn3FJeWMYQkhsAj,jcb
522,572,gbrookerfv@cargocollective.com,United States,19pJWCnyPb6ykFYWYCiGTcsh5vNDdFoyj8,china-unionpay
523,573,tcornuaufw@virginia.edu,France,1JW17cJAUu5MrumrRUDHuqVRSbXVU8vQXR,diners-club-international
524,574,wgershomfx@delicious.com,United States,1DCF88Dm4rhnWSxepvTPco74JPFEt6udTL,jcb
525,575,jmartuginfy@amazon.co.jp,United States,1xuQs46Y7aY7CdDKtxMUvYDeFCyhu5Wsb,jcb
526,576,fkrabbefz@unicef.org,France,16G4wUrF6T4Z4i1Bc6fP6JbraWSZT9LMMg,visa-electron
527,578,dshervilg1@springer.com,France,1MVnLrRCt8sZs1J65STrtn7DKVHQ7WJ4Bk,maestro
528,579,acapstackg2@istockphoto.com,France,12CKH1jKYSrbgPuktFJ2XBm3fzx2oJTtXT,jcb
529,580,swoosnamg3@list-manage.com,France,1F79zBQCfepK3JH9bwuDgnyfX18AqBnwp1,jcb
530,581,ffilyaevg4@g.co,France,1BL2fcSmRj28iHdgSfAmZqjLTYvuMjaegE,jcb
531,583,sabramcikg6@netscape.com,United States,14LTJQ7zNkfDB1voG7SZppjf8Y4SEgDDiC,americanexpress
532,584,gbasfordg7@hhs.gov,France,185R9XrwYBe7JHxFq8Ae65VxjjonmQJdB1,jcb
533,585,vseelyg8@feedburner.com,United States,194csWp2UHAp1PpPurrVWXqfRRek38eyFW,visa-electron
534,586,cblackallg9@feedburner.com,United States,1K2H3Q8N1U2Y68KBbeCU44DRuS9BRwMazt,diners-club-carte-blanche
535,587,lburthomga@statcounter.com,United States,15ZRRK5jgCxWgRoXLG96diBiQ8JqZbt3oZ,jcb
536,588,kmadderngb@jimdo.com,France,1Aqa2ekXQWPhpfEUALvC1Ec6EghzzjL3Jr,jcb
537,589,ppittendreighgc@springer.com,France,17WVSB1kYCP75JVkASLnKyiV67b6j7r3WP,maestro
538,590,ktallmangd@scientificamerican.com,United States,1JR8yQPdcbqjbVRurvC1GgTBifb9YTg8ke,jcb
539,591,bthebesge@t.co,France,1DWZkmP56ndLZ1rPvCQ9ssfqU3qfbKgjxf,mastercard
540,592,ydowninggf@moonfruit.com,United States,152vQwy6tMVnwDpyhMJaaQsdebPdqvDnSF,maestro
541,593,acallingtongg@wp.com,France,1AAf2pfmyNkyFYpEweLqGP9Xhxf4QJxPic,mastercard
542,594,zgreenshielsgh@comcast.net,France,1zVFDHXnxNCnuPJcyN4DFVDpP2EP3tAdJ,jcb
543,595,aloutheanegi@bluehost.com,France,1C63kWtagnAwHssTWgncbSAekUjYkxp2RL,americanexpress
544,596,adallagj@lycos.com,France,1HBc4nC9LKtuwSa7cbdGshsp2tRGQSYPt8,jcb
545,597,samysgk@cbsnews.com,France,1MEBvD85N3Zz6kbXGx5XqmJbyNZm83BAa9,visa-electron
546,598,mpurselowgl@myspace.com,France,1DiFK44nM5FRvgEVeCqookYrLJzznq3pqc,jcb
547,599,zodoogangm@last.fm,France,1LwvQjjeBdV8yXKvLorBCrWDzwVA79wmk5,jcb
548,600,bsermangn@bloglovin.com,United States,1LraVeveQGNLR61keFTJSGrqgwX5vBoFzM,visa-electron
549,602,bmetherellgp@sakura.ne.jp,United States,1PNSbvxE3gBmYY1u8om9MY4a64MUqxZg8A,maestro
550,603,hgounygq@miibeian.gov.cn,United States,1Bn5XaoPnqYsFbC5pQoERdcM29JorAMn4g,jcb
551,604,rkeenorgr@lycos.com,France,1LCdXbbUrUSCjeCjhpJbh1EBgyBLT5dVu1,jcb
552,606,mwoodhallgt@4shared.com,France,1DvNaw5G4bmSs5a19qQu9wr9QEy69cUqee,jcb
553,607,dpawellekgu@topsy.com,France,14VTScGgN1KPV8FykkSStgCKG8sf8g2uJY,mastercard
554,608,vcamolligv@bigcartel.com,United States,1VRS3V5NPGBKERYdi7qeMDaDMpJboNSaK,jcb
555,609,ehinrichsgw@house.gov,France,1MgRzxdPbDLbyH36Lnzaz3Aju6nmnCDjfL,diners-club-carte-blanche
556,610,lwillshawgx@shareasale.com,France,1Em7Mz4SfbrJrUBLY8Riu5fstAdf4o5eRE,switch
557,611,apasslergy@feedburner.com,France,1BCcHEpXx9CnFZVSHSbi5ZKVF8tYsBTemB,jcb
558,612,moconcannongz@edublogs.org,France,1Hhg874tqLXxtPCdz8yGeaZ7U6ZyytScEV,jcb
559,613,crounsefullh0@google.com.hk,France,13Kr9zoBLcQRj8bacNTH2b5SsVyDKL5iua,laser
560,614,lbousfieldh1@google.ca,France,19wntEaA1QcLZd6F7u2Z9ZUd4bbFcj6mup,maestro
561,615,jburridgeh2@topsy.com,United States,1LLk39KjyCSZoBG6GtKV87tHqrveJprsnw,mastercard
562,617,sfonsoh4@google.de,United States,1E6RcWTbin49ZZsDYXezXntZRLqgZ5U7xw,instapayment
563,618,jbruhkeh5@jimdo.com,France,1MQvWY8W9gxFBYDzK8uaTYMcv33DfczcQv,diners-club-us-ca
564,619,rgerholdh6@google.com.br,United States,12UxY2i33hqpiNoQoyqQrFAt7PDZHTZ89t,switch
565,620,mosherinh7@amazon.de,France,17qyaMJGWtm3uFESFipTb86D9mJUpwfXbK,maestro
566,622,chorderh9@twitpic.com,United States,1PvntWgwW8Aa4qFwtP77uE2WbmSCceP1te,visa-electron
567,623,asmorthitha@acquirethisname.com,France,1QD2wXZXTRQ8TYy1unLWvWWeWHU3E9A8zr,diners-club-us-ca
568,624,mishakihb@ftc.gov,United States,1ErJAs8BNrcHCS1VQmFYTAj5JvFLrGbQbv,mastercard
569,625,whousbyhc@cornell.edu,United States,1MoVidPEa3Q2UsFswxp7r2FdQAQkki7KcH,maestro
570,626,mfairehd@sourceforge.net,France,1B2QvZFEDyhSnibgEg9L54ZfMg2iLsXrBz,jcb
571,629,fpiertonhg@vk.com,France,1DNCcySGyuGKc1pMyjpEdjr7NALeGwozVA,maestro
572,630,jrenowdenhh@e-recht24.de,United States,1FS7WiKKrA5Rs8izvs868UJRb4yPvbqAxZ,diners-club-us-ca
573,631,aregeloushi@youtu.be,France,1NqikYVXqDuAeaZ8EvnW9wodJKWMrt7Ln6,maestro
574,632,rlindhehj@wix.com,France,15hV3K24c28VkLdczcy4fjJJahFr8iT4Qr,maestro
575,633,shamfleethk@parallels.com,United States,14DgJoUHdwYThftw7gByCKysVb5vTWYqGD,jcb
576,634,rbaguleyhl@prweb.com,France,147CEhYmgQ8pjxwdGiGjNveB4SECFACash,jcb
577,635,gwadforthhm@simplemachines.org,France,1EtoEBAztx1EJJEKiUjwenrnNV3xrS2szc,mastercard
578,636,sslaterhn@prnewswire.com,France,17BR4qkxYyCU76zkRvHgPoW6QL1iyHuWst,jcb
579,637,cpawnsfordho@alexa.com,France,19ZmNJgycRSvRZMDUtPXaEwookCfiXkLWs,jcb
580,638,fmuzzollohp@mlb.com,France,1CDaQQc4dMxCNTiuebebSb6k6vfznWENHS,visa-electron
581,639,omackaighq@edublogs.org,France,1PGCTtaVxNd6HkEjAKdue1m7bAUUN63Lmn,switch
582,640,pwoodlandshr@cargocollective.com,France,194XWZjCmKJA1btKBz3PNZfcfNcL1yE1Av,jcb
583,641,crosierhs@bloglines.com,United States,1A21EsLsRtw232Gd6fd7MMMQCsJmQvfGaX,jcb
584,642,fshallcroffht@slideshare.net,France,18hqi3b7tFXvUvXkjTuc8boW9bJ2yhkiFf,mastercard
585,644,nfetherstonhaughhv@businessinsider.com,United States,1HU4nGuvCF5o1xeNTbwHnLQvqBwoTpFRir,jcb
586,645,lgilhoolhw@blogs.com,France,1Hg7zZyPFAT4QArwsHMTRwyH74xiENtjBF,solo
587,646,dmacneicehx@psu.edu,United States,1F4dobdn7s7FauayzfP4jDqp6KDR91yGNU,instapayment
588,647,rtebbetthy@forbes.com,United States,1QAX4WaaKNa5Gd8P7AGrpS7NpHW1NvL2Yc,jcb
589,648,klydiardhz@google.nl,France,1DF9C9umP2XMRhM5zZEMJpp8VoT2DPCBBH,jcb
590,649,rroppi0@usnews.com,France,1JQm2ZRq3q6JmFxGS3QTy9T9HG9j7n4MEt,mastercard
591,650,eciscoi1@mac.com,United States,1GSUa9r1m3SyGtcKnWbCuYqqmR6BzkL1uh,maestro
592,651,rbarrati2@mediafire.com,United States,19yd6fd9Up9k7gnZQh8iGLtUZ1o37nS56y,maestro
593,652,hitzakovitzi3@ezinearticles.com,France,1MTYGEe9J12d2G3mDFd7Gf3Ydpx4mqg6mk,americanexpress
594,653,rmulcocki4@youtube.com,United States,1GnHaQrWfUfN3um9viZDUQACMWn2vCWGM9,diners-club-international
595,654,strani5@hugedomains.com,United States,1EJN8qfp4JCQAGTk7BxAB4bQFCwx7hFN8K,americanexpress
596,655,ebremleyi6@constantcontact.com,United States,1QBe8FYePqexn3FUgFGnBLPCEdBfX7wWih,jcb
597,657,dfisheri8@yahoo.com,France,1HuYebVF74z1oasbn1rtrW27BwtQz2H613,bankcard
598,658,hbelzi9@walmart.com,France,1C8sEQbZzpLH3tgNMPTLNFF3eWoS5qzAa7,mastercard
599,659,cillesleyia@sina.com.cn,France,19K5EBUvFuG2zN7b32SLx65kGfWV3mEjKv,china-unionpay
600,660,lshreeveib@infoseek.co.jp,United States,16dRodZRcY652rVj1aaUdG9eiwzA89VNVn,americanexpress
601,661,ckingsnodic@zdnet.com,France,1KhzkCnhqincx6zsgGKEXwpoxsQZr1gaFU,laser
602,662,kpackwoodid@bloomberg.com,France,1FnkvgaBnP2jvvNAsdvoAuLGLiLMbuozru,jcb
603,663,jneevesie@unesco.org,United States,19uwqMDErQW5xuDkY2ZYUEJ8ByZWnc9LMB,switch
604,664,bhambribeif@dyndns.org,France,1Lfosfc7LMXSpCHVq2dQFmFXTQnkCBmwMy,jcb
605,666,bdeelayih@hc360.com,United States,13KaAaCgV9KAdJhz6AG2H5Z8pWsGBhdkvj,solo
606,667,estannasii@hatena.ne.jp,United States,1HYx6FYJxD4KzVLEPPrRA9cKTZSzNTDUKA,jcb
607,668,lswaddenij@constantcontact.com,United States,1K3D2YfrgNbEefG5TuoLDzrviX2Jd5bvxt,jcb
608,669,jgronoik@china.com.cn,France,18vCY6g1BwKMfXeCA6fmCHDerqoH9PNnhM,visa
609,670,abyronil@photobucket.com,France,13LRyg1cE72zAmWbQ2oaGDfoAPhmEYdnZz,china-unionpay
610,671,diacobacciim@reverbnation.com,United States,13FjKnzRAQov8R1PQrSy2atscfperArSF8,mastercard
611,672,yguiderain@pen.io,France,1AJ5mmqBrWVg5T5X5hzN8pbpBWxnPN1aeN,jcb
612,673,olagesio@newsvine.com,France,17RmpUKJVAcQjQeC1QV6mqpJXHNMFjw1DR,switch
613,674,kbrikip@nbcnews.com,United States,14nUkeTanvjoPPXiivkUDNnMmz6TGJBD7P,jcb
614,675,gsitlintoniq@goodreads.com,France,14hLjYWs5ynw7LFWkmdiHPy4otjgmSLEjx,maestro
615,676,mgorryir@google.es,France,1CKbFYxPCGnRw9HGSUqKpwivHwGAg1sQoK,jcb
616,677,hlindholmis@nba.com,United States,1FpjnevwZdJBR357bePYfoDzYM8J4oiihc,diners-club-carte-blanche
617,678,tstrangwardit@nih.gov,United States,1LQ8kC2BZPanL4UtsEc6RjQrYsALRhGbhg,jcb
618,679,eprawleiu@sakura.ne.jp,France,114qRo3wxvigJMdhJSzah8T4JUpscNTrWP,bankcard
619,680,mgilhamiv@icio.us,France,1AAHYNQK2vH2gU3ro3FpHmJ51mhvBW1cio,mastercard
620,681,aguniw@t-online.de,United States,1JrLw7dWwqqeg9B2mnrCEu4ZZb4D8hMdkx,maestro
621,682,bgavozziix@ucoz.com,France,1B3oGscs7stAEgXPgCZTtPTpzsWgFT8qiM,jcb
622,683,vattewiy@nydailynews.com,France,15UoxwRoVv5N1SgHgy9AuhdLmm778ZNn7s,jcb
623,684,jtullisiz@unblog.fr,France,12xzKuZK9JFA8pLR9Fsj3AF4ywCGrPJCuA,mastercard
624,685,dcrakerj0@washington.edu,United States,1L2rSgXWNmvEF49PEQfvXgKLYpRq1zxnrR,jcb
625,686,pschuelckej1@lulu.com,France,1HjvQwSbjYaZSqrzrJXCQww2jS1iwFDTBN,mastercard
626,687,ialfj2@clickbank.net,United States,1Ffh1a5zNUDc1SBX7MPMupjjtBXMtUsgx2,maestro
627,688,baxstonj3@prweb.com,United States,1A4SeUnUpxohG7vnAW46nfQpQQCVqJA3dU,visa
628,689,wmaccallumj4@rakuten.co.jp,United States,1A8Pu8dfT1Bm58bEbBZbFVLhTHCaV3x9qT,switch
629,690,geastbrookj5@seesaa.net,United States,1M1AEbbiQoPE1k3Udnr9THxigXJj3sutKZ,china-unionpay
630,692,jduffreej7@oaic.gov.au,United States,14w5yTQP9jzh3Q4e8SVpNrht6LKwP2Q5XG,jcb
631,693,ccrosierj8@dropbox.com,France,189pJJEiC2kTQMVvMXhy4uxYYZr9FiT8z5,jcb
632,694,vcarwithenj9@merriam-webster.com,United States,1MsDcVdDwWVra51uzCZzF2L1YN8ubuj48S,maestro
633,695,cvestyja@sina.com.cn,United States,1M22P3YhvAbiQzaSouv8TxhqRXjwsaCjfT,jcb
634,696,dbrissonjb@princeton.edu,United States,1NeP81XSm8jnnLB8taqqLmmK3DHFXibAyo,bankcard
635,697,amancktelowjc@cdc.gov,United States,15uANN3i1ajP8U7MkWaDaagV2DTPR5K1yT,mastercard
636,698,dstuckejd@dailymail.co.uk,France,1CagsiNscUzmJ7AVFmpHYHxZE18WSxx7wC,diners-club-enroute
637,699,owinsomeje@java.com,France,123QQwBh4F8rL7tgizhsEgwr7iGAKshjN7,china-unionpay
638,700,dpesterfieldjf@privacy.gov.au,United States,1NH17mYRntwXEkeFGuA8FWKKL3E45VRgMZ,china-unionpay
639,702,sgeneverjh@shop-pro.jp,France,1PJiSHx3TpbX2hyevc8169y79Q6ADfeGe9,americanexpress
640,703,lnovotnaji@wix.com,France,1HrWWm3n9ydyUhpTJfDjKhP7tQ8bmXkN2S,jcb
641,704,fmillershipjj@blog.com,France,18KZdipSxbhCwuye5MQfKbAqD6x56UiQFr,jcb
642,705,khoultjk@statcounter.com,United States,16hqcGxJ8ZpNVMFZ69LNJzecEVkRtCD1Zt,jcb
643,707,gheinlejm@tinyurl.com,France,1K3BFZGxTCg83YD5PYKNGaiDepRjnkHjZY,china-unionpay
644,708,mjantetjn@parallels.com,United States,1753Z6kACBntdgBFetPE65UTHjRPVzDdv3,diners-club-enroute
645,709,cgheeraertjo@storify.com,France,1NVaYd8oLJfFsBLdf4CHFJiS98MBS6of99,jcb
646,710,otunnockjp@posterous.com,France,15K3xemqVikRGPGhvAE1XqcUrqFM9nsvSP,mastercard
647,712,calasdairjr@indiatimes.com,France,17shfp5Bn9rw7mrXbsaG1yRFwwf1aBQ7sS,solo
648,713,tcrossfieldjs@unc.edu,France,18bJJiKXPLVYDRKmPurSajSZuQXePHJuPh,mastercard
649,714,epetrasekjt@photobucket.com,United States,19kNuTqPe9qAfApghvfX28fMkrhHmxijr,jcb
650,715,svairowju@dion.ne.jp,United States,18ZXGHLNfV4KUmqcAC39Fa8R4ibPvkUtcD,jcb
651,716,tfritchlyjv@timesonline.co.uk,France,1KXhuuAp7LREYofqvwJT7gPivEpeRPbpH3,jcb
652,717,egabbattjw@ucoz.ru,United States,15xtyAjqDP7b7UoACr3qwADG1wRDCPnraw,diners-club-carte-blanche
653,718,smidfordjx@wisc.edu,United States,1FQDb5hEDrb3ho1YbwQMQdoijqHdTkiq9S,americanexpress
654,719,kmoxonjy@ibm.com,United States,1Hr5nxKisSsYHEvaSMST9dooBzMn6f7NUq,diners-club-carte-blanche
655,720,tmacknessjz@howstuffworks.com,France,1BVvjivSQEZWB2Uo3hQb64j2v7oKGCAUwP,maestro
656,721,cfaullk0@com.com,France,1KnnTGTxHNLXFSrXGuPFUTP7iQ8rGL5R1y,jcb
657,722,lcalek1@naver.com,United States,198CteVDukSgRNCRG6F1sDk8tah3SX1ADs,diners-club-carte-blanche
658,723,gceschik2@de.vu,France,1EP1QhAJdZEKDfRWqzhWmGKiTpKKF38W6J,jcb
659,724,scritchk3@google.nl,United States,15zKwq12NHpbpUxnkwTcZsEZeijVoxLkro,laser
660,725,tshyresk4@liveinternet.ru,France,1Cwu7m8UYvJG5dSpfV12wzgh4ghdqTHf5y,jcb
661,727,gplaylek6@cdbaby.com,France,14Qur3sYV5L88thsfoKfjTFwaiKpkiXFCy,jcb
662,728,ophilliphsk7@miitbeian.gov.cn,France,1EH7KUiZupkRu7mjKsi8cFBVFME6n8ovQ7,china-unionpay
663,729,rledwitchk8@github.com,France,135KDRJzSWM6AXJ6bL1giiyAFoyEYNaWJH,switch
664,730,nskinnk9@livejournal.com,France,12hp3ikv7e1WtJmWGQTcP7SwyPXwmywPd8,jcb
665,731,rtodeoka@bloglovin.com,United States,14JusCVfbHYumxm4LoMBXprjyiLrAHoQ2r,jcb
666,732,rbuckhamkb@altervista.org,United States,1HAr29UZp3Ex4RGi9duw9HGN4hiqcusSVU,mastercard
667,734,mhiscokekd@t-online.de,France,156XRoNYH7JLa6DFYmYEAKLRrSK3Q1yZEr,jcb
668,735,lcomberbachke@quantcast.com,United States,15NUoiw6pdvg8JdyCVcAhy88FyxtuAsEPD,switch
669,736,bvereckerkf@adobe.com,France,13WoGzmQ5VkNNuhV1oSob37DZvNRLRinRQ,americanexpress
670,737,payreskg@fda.gov,France,1BoCFFtkKPUtSCNr3cQBHYY36o3kjXrcov,maestro
671,738,ngenickekh@studiopress.com,France,1S4xW1jtxHWxQxTT4w2mtVtzJphNTpVzS,maestro
672,739,tmatterfaceki@usda.gov,United States,15gzxwd3xeDVzxX1zKgpEZzwQMEsmzLyy9,visa-electron
673,740,vkamienskikj@ebay.co.uk,United States,189eos8tG9L34kUgyHgVb8CjHG8qgSRhF7,jcb
674,741,abrydiekk@about.me,France,1ByD7r8MCxhuxtKWhKn6cyyJ5UhXy32gh4,jcb
675,742,haldinkl@state.tx.us,United States,1AYzykz8Ji4o4LcsNcAZcc4Pvt7J2T2Y4,china-unionpay
676,743,tmaciakm@wikispaces.com,United States,1KtVGoend4R6nRvbbDNK1G8RH9ZgFkpupY,jcb
677,744,amccaffreykn@ehow.com,United States,1KiFyKXjCHwggKx7NNzkUiW6KSY8nSMND9,jcb
678,745,nhuncoteko@princeton.edu,France,18kBBeFz6buHiM6paq5aQC8M11bNx6hggf,jcb
679,746,aomolankp@opera.com,France,1GzzvVk178ZJqSFS3KSpFQr3fu8zWGfv2s,china-unionpay
680,747,aspawellkq@google.com,France,1LLfJ4qnfPH9k8scqo13NZucjFt9pksHiH,maestro
681,748,dinnottkr@php.net,United States,1216Zqmg7iigqVaBNC4PJBhthw4JhVYn7X,visa-electron
682,750,djochenkt@naver.com,France,1Ca4N8qCiQ8Hfdd5XX4omyx125dNQobqmB,maestro
683,752,hbradbeerkv@pbs.org,United States,1AedzUdGizAuYC33hZizUkJ11KRJ3fCudL,jcb
684,753,vjayeskw@gmpg.org,France,1MB4yKG6SA71GdjA9q7fKjCsBYyYEbtpEM,mastercard
685,754,troggerkx@va.gov,France,177tNp8KebF16BgqMkkic5GsQ6YK5QA5V9,jcb
686,756,cparlettkz@wikia.com,United States,1HQGg1QcGXhfTVw6GW8LUAFpcEcNjL9W4e,maestro
687,757,tgolyl0@fda.gov,United States,1FcBAEXKKdm7tz1Q3DQUV4j2XAX59Zejyq,switch
688,758,zfirthl1@narod.ru,United States,1QAsPeVqCtkB9SoWWbh7myvF4rizxwE2zv,instapayment
689,759,bhaddacksl2@1688.com,United States,1L38TW8HVufLctQEQXmemEGCzCMg7RhHE2,jcb
690,761,sriddelll4@scribd.com,France,1M8MetsFgY6bSsBxnREDaZFNnhq8MV3oxL,jcb
691,762,vdodgshunl5@hubpages.com,France,1BG8gJ4bUv91p1YNeFA3YUJANPbLDtkonP,jcb
692,763,abredeel6@cpanel.net,United States,167Cn2stDCPwLKGnSYdPQEqv7nDxEp9q9h,jcb
693,764,ipasticznykl7@discuz.net,France,19yms2ohctUMuSo5asd9MtgqBMvi7eqnTg,diners-club-enroute
694,765,lvernal8@webmd.com,United States,1EjYyKVtq45mrU6yyefUhxZidWqQ1tUwRt,americanexpress
695,767,ldemalcharla@hugedomains.com,France,1MqobnBpzLaQB4qyELjzsiyPQSnym7EVBk,diners-club-carte-blanche
696,768,dstanylandlb@dot.gov,France,17vtJn11xdi4dM9d1vB6GwNGUBJfvi8c8K,jcb
697,769,tbritianlc@forbes.com,United States,19UUD6jNhWFYK9BhBhFLVnJMpQFkUfmFpi,maestro
698,770,kterrisld@adobe.com,France,13FQd1VoHYJ98CL2yy8dmDnyTvTkzK9Ayt,jcb
699,771,alangthornele@blogger.com,United States,14MB6avvkE8sqbonEzUxQzBC79ALuej9Ja,diners-club-us-ca
700,772,cmebslf@qq.com,United States,1NiCudpvYkHmVfMd9EWwcWAxVY2XR99XfW,jcb
701,773,shargreveslg@sciencedaily.com,United States,1EzpH67bkHgorfCR7xVyEJey8rBJexPuMn,jcb
702,775,mcoulstonli@fema.gov,France,15NE8EoZHQcxDSSVG7mUpTw375WPiUZj3o,jcb
703,776,lcarberylj@dot.gov,United States,121Wkzotyv6F3pfXj7hxsFqzbXws3v11im,jcb
704,777,srymerlk@google.ca,United States,1PSJzDoQywpTrBqruDXkaTSe1SXj9DHbdP,diners-club-carte-blanche
705,778,vmulcasterll@nba.com,France,1932xgYjuSLvya7TkcAqWQFRgLAex241jf,maestro
706,779,crapellilm@1688.com,France,1CkiBAeU5TB7UuvZ4W1PktrbQqwA5ee3tg,china-unionpay
707,780,csnowln@parallels.com,United States,18Se9C3hQTJwsoNdD3eFRpa5v2NAhg4CyQ,china-unionpay
708,782,kbosmalp@google.ca,France,1FLv2PmWVy4T2ghWG84xGcVienVTxidxgu,diners-club-carte-blanche
709,783,skesbylq@pbs.org,France,17J8m3NKKkcKpwEc8YnCWVPiHKKxQtfCvy,diners-club-enroute
710,784,gnutkinlr@weibo.com,United States,1PiDCAn9rhDc5bjR3cibtEpRCD578MNZ6L,diners-club-enroute
711,786,kausellolt@deliciousdays.com,France,19jJmyjW3ZQ9WMWpxTJWykyYjEP6iZrN1P,maestro
712,787,gsparhamlu@odnoklassniki.ru,United States,1DCKQok3CdUcaQYzhWhFg8XQz2sCqMvAL9,visa-electron
713,789,kgatleylw@last.fm,France,18DAuyMigB9tTNp6ancGnfRYTdCqXkVnfB,maestro
714,790,ayanyushkinlx@g.co,France,12VcKXCq4DoqEKkMCUB4kA7GWU3And2iZY,mastercard
715,791,lwhitewayly@jimdo.com,United States,18bjcmzEEeMkKBw9jw47h6Cjzypxu3Hcyy,diners-club-enroute
716,792,gellinlz@bbb.org,France,1BbZDLmxnxeSXfHa25awrkrQxHaHX81iZK,diners-club-carte-blanche
717,793,ethunnercliffem0@gmpg.org,United States,1BGWsGBaFDE7sv3XpK1aiekRYMWQLciEhL,jcb
718,794,ggateleym1@who.int,France,16ri277Sm6e7LxrBjry8dRjEVdKA3TZXQV,jcb
719,795,mrowesbym2@va.gov,United States,1CqkUxD6Hx4cdXxGEPkLr7crW6LqDPB9Wa,solo
720,796,mhodgenm3@facebook.com,United States,1Ns5y2a19kwtLSZ3xKQ4oNMcTEnyjm7CCZ,jcb
721,797,kemmettm4@economist.com,United States,188Nhxj2sk8Vt5DzjCDWr1niZA7HbFqo8E,jcb
722,799,rwhittleseam6@alibaba.com,France,1LZmBmBHxNQbqmtxHzjzooAPpisZFC1VyN,bankcard
723,800,pmaccaheym7@va.gov,France,13MZmZDCKKsY6pLohffWNTpBXiTw3L1Ffw,jcb
724,801,fbodycombm8@1und1.de,France,1L3AkTwhWKYVfCqS3Zxs2ADmPj7hnXwQsN,visa
725,802,mrosellim9@ucoz.ru,France,1Fwfgyv8AnqvVqkKu1gSeWzffTpRnW6ePu,jcb
726,804,tfeatherstonemb@tumblr.com,United States,18qhssDzxsLSLWC4hTMvN7qvKVT4izFAV4,diners-club-carte-blanche
727,805,gdodswellmc@who.int,United States,1KJNtYtRaz86Z6NpeyJtRt8AkY9E5NaKSY,jcb
728,806,smulreanmd@china.com.cn,United States,1E9LSAd8PkrGCTuCdPbuXAQ4qQ3FDtUZeb,maestro
729,807,wthornewellme@moonfruit.com,United States,15oNZfVipuv2J63BZqLTqPSsJr475pZygQ,jcb
730,808,cadicotmf@ebay.com,France,1CtxxnaDs2vW5hqPw3KMyaWnCWjqyjLRh,switch
731,809,smocharmg@tiny.cc,United States,1EXDsbTn1N8CpVTyygVDC1gi76k2rkn58B,jcb
732,810,dgodingmh@time.com,United States,16XzVk4NAQanc3gvUn4LRqPqEoC5qM3eTo,diners-club-carte-blanche
733,811,okleinmi@paypal.com,United States,1NuNzSUSU5crMwgcNKpbCb128sUs3ZD27e,bankcard
734,813,smccriskenmk@phoca.cz,France,1CNfDr94CGfkzwUqZPK3PutoQs7YGPh1rb,jcb
735,814,pthinnml@cafepress.com,France,1G7CctwWQareR6xyhH5AgypPhAp31D5Cu1,maestro
736,815,jmochanmm@craigslist.org,France,16XwH3tV3aKAjjuaPQamzjErAy2YqML3Dw,bankcard
737,816,amickamn@java.com,France,1LmvhVzTYzPET3TwXb7CcsycVBMHatKJTZ,jcb
738,817,rgellingmo@berkeley.edu,France,1KhgCMJnfrvamAFBUSSeFMQqKmSKw5YuwK,jcb
739,818,anorcliffmp@walmart.com,France,1PjJw9yNRQjg1xhumHvHZ3juyZ4PfscKKR,diners-club-carte-blanche
740,819,gharsesmq@linkedin.com,France,1MwpctNQUzGoAW34weP7BFQyUkPUYnRFsv,jcb
741,820,dledurmr@europa.eu,France,126maWEgKEFae9XdBbDMiNL1m2i82fDe2a,jcb
742,821,bflewanms@opensource.org,France,19Aozi74PwD6Pk3p5K4A1nLtTieWtJqHVQ,jcb
743,822,kabelovmt@dedecms.com,France,1FCGqyNUQDb8ciWH58iWDr1u7TwwL6phEN,switch
744,823,pvintermu@cnbc.com,United States,1Q4aa17cyh3SU8dj1oR2yP8CMcBvw8bMe4,jcb
745,824,hsprymv@blogtalkradio.com,United States,19a293STkNwW8WKDetBoPYvLGJMBib9x85,jcb
746,825,abuttersmw@bizjournals.com,United States,12jLVVjW8Ej1uiR7VQACzXkhuCCMMR2GhT,jcb
747,826,ccorcutmx@google.cn,United States,1LxVWVPs2eQX25ZiJUkHSajkisdqZc5UET,jcb
748,827,akeenermy@tripadvisor.com,United States,15jqYm1Kh7fCDehg59UAR1JTRiyhxQur8r,solo
749,828,kbannermanmz@cpanel.net,United States,1AfaME68EXxq7AvJjLDEX4BQ812rDaPMVD,diners-club-international
750,829,hpagetn0@flickr.com,France,1AbH1sHaix3ttYWXfayKkscWQw7LBiB9NN,maestro
751,830,iaspn1@google.fr,United States,14VSMC5JWhvPXAisGR9KyM8Y6Bv3X9B3KN,americanexpress
752,831,cbiddlecomben2@jigsy.com,France,17R75ihcymZdVEZoMdgaoqk7JMa5oH7s4p,jcb
753,832,ihanwrightn3@skyrock.com,United States,17n3KKM8Qfi8nLaiZrn2BKMC8HdDmk3pQh,jcb
754,833,gsimeolin4@prnewswire.com,United States,17CSZdYrvAqA7rGH2Dsc9KXK4yDQkVjftK,jcb
755,834,bquestn5@hatena.ne.jp,France,17f3kcTTqnkesNfJwgEW3SBofsJ9Mwpram,bankcard
756,835,djordinen6@sun.com,France,144YX8bAoH3rmQ76Ko7zsPEe81RouvhJrF,solo
757,836,ikunertn7@xrea.com,France,1C5GzhWKFxVuWt7LkuPc1RnkA5efqm6KAv,jcb
758,838,hbirdwistlen9@sakura.ne.jp,United States,14mzepemj7NYVXRYRZHZLQ1Qi7bfk4xnH7,china-unionpay
759,839,bshellardna@nifty.com,France,1HZAvQ3rd7HBpDJWnpdx3mZqqu2sRK1Uiq,jcb
760,840,eblackmuirnb@domainmarket.com,France,1JuejZkBQXacmQcbcNfGDgXLdgiwRAbNwj,solo
761,841,ajellymannc@phpbb.com,France,1EqfP1asrix9CkDc8joxV9awZJkngkAjTi,jcb
762,842,kboyennd@ehow.com,France,18TQeLP5uP2hbU1hXeAtU8ZGuo54SeYhq7,maestro
763,843,mstarmontne@icio.us,United States,17JoWkJZ4UVVtFQ5RDgrqYaqDuRWZb2yi,jcb
764,844,psprasonnf@icio.us,France,1AdEXPDq3d6bRumaH8xGj7ANLuEf1EEf2g,maestro
765,846,efortounnh@sourceforge.net,France,1MK7D3WsDudQ8nertgaDcESyWgGK8QdmbA,jcb
766,847,aroughsedgeni@cnet.com,France,1NLS4U1T7NfoYYdxBiQ68QAneNavUxpF8f,jcb
767,849,cgilbodynk@comcast.net,France,1GTuNL5Skt7jYNUeyTDG1ku6MX4xN3gFVe,jcb
768,850,imisknl@last.fm,United States,1PE4hkELz1jMrPiMbxEN4FHVPAkcNJNiD6,mastercard
769,851,tnewbattnm@gmpg.org,France,18DSveKjo7ZDe1mrEmqsHRLKVGqnXSTnat,jcb
770,852,kadamovichnn@china.com.cn,France,1Q8BNFsZWVaBEexNeLeX9nyLzJ8sQw44yt,maestro
771,853,ahasteno@cmu.edu,United States,1AsBws23fTJ2LQueshu9t3AX3g16LVMZ2e,jcb
772,854,mzaniolonp@hc360.com,United States,18kxkSkvGnSHDsDuYFKEjKmXs2FdviCi4T,laser
773,855,tferencnq@phoca.cz,United States,14Wvp4UWZquMTWkEf3sK1EGyELbk8bygqB,maestro
774,856,jbrideauxnr@live.com,United States,139tNhHwUPu3YUYagXCHeN4Ay6Kuaa3Rti,solo
775,857,ustinsonns@imageshack.us,United States,1J9EWwokCSJs5sTy2AHiq36LoS7Hya4h8q,americanexpress
776,858,wnewburynt@engadget.com,United States,1CBbZB8sPG3u1DdhPsaePdUBE4E19a8f2D,diners-club-enroute
777,859,mrahlnu@dmoz.org,United States,15wWfDp4nTcudXDkwpyXj6UjnGvQqyn1oQ,jcb
778,860,fmcneishnv@paypal.com,France,1Gb6X5mS5F67CCTXeaJUXxPs93yZAvU4c7,jcb
779,861,cbaynesnw@cnet.com,France,134jDhug2Asd51KHvmVe59DfBPQdxaX1Fc,solo
780,863,psharpeny@wiley.com,United States,1PM5YWsi8SX83RzAswDt9bjpazvH8qsqr,diners-club-carte-blanche
781,865,wsandilando0@wiley.com,France,1A6YFXYvz7MEhxMB1BaPSubXk1wXqjJTX7,jcb
782,866,lccominio1@360.cn,United States,1YKx8cJXxHCAnALsU8pkLfXmPV1JyRmH1,maestro
783,867,cvolkso2@constantcontact.com,France,1PQmjKtjFEbCyvZu6BNQaZfkHd2msysMVq,switch
784,868,akeyteo3@google.cn,United States,1HgqfnGXM2ePTYowr6K2zPqsYScQk6b3p5,jcb
785,869,atunaclifto4@sfgate.com,United States,1M22BqNLKAwPYuTGPFT7b6MUYRwbHSsmFk,jcb
786,870,nkernleyo5@biglobe.ne.jp,France,14bFq6StGmNE3iJ7JPkHCxp3Uhxs83J6vD,diners-club-international
787,871,qguislino6@people.com.cn,United States,1Pr9LcynGzfp7B6BAMhrx5rkXLekhYoTP7,visa
788,872,hsooto7@odnoklassniki.ru,France,1AgUcZ9RAkVmSKCV8wFFfj2afyii8tSKgW,jcb
789,874,cbrunao9@mediafire.com,United States,1M75YPgDXKPq1eFrF7AsWPDTZBcLHpMoTn,maestro
790,875,shoppneroa@economist.com,United States,1LJcGdFpru438t1AdaLDboAWfGRwYX45sX,jcb
791,876,sgooldingob@yellowpages.com,France,1MWLqS1JDVf2FjA9YWGxQAE9xZaFLLQug4,jcb
792,877,fploughwrightoc@ycombinator.com,France,1JkCfCofsaQDVddBjT1ZRqSRjvjm56NAxo,jcb
793,878,eheersmaod@uiuc.edu,France,1DNQEQsp2fqVksBiXxNWSrtsDeaVsyhurW,switch
794,879,lscowcraftoe@latimes.com,France,18dU6a1ThA9pD8BWm1aNKkVdU8ioa2RUeR,china-unionpay
795,880,fhemeretof@youtube.com,France,1PVhfXNPj46nALRxfmTdMJc6HXkvSvNjJC,jcb
796,882,ugabbotoh@myspace.com,France,1M6HXkkn2ZHLifuTssaoMniQ7PrMPysB5q,switch
797,883,kantwisoi@springer.com,United States,1KMQAfTVC4riB9rStWMhmSQZ5gcrRGEV6h,jcb
798,884,mhebburnoj@ft.com,France,1URy1ge28ip5iFKcUbABK5iseq6wJjx33,visa
799,885,wswannackok@uol.com.br,United States,17YPvxd4KL363udpMAYb2Nf3e5fUyRHHKQ,americanexpress
800,886,hdrewettol@pinterest.com,United States,1Bosd8gENvzUjMVvt5j5RXyxe3DXozcoxR,mastercard
801,887,ggarrattom@discuz.net,France,12nGiGN18sZ5n7mfrFtms1jyeocr8j4R98,jcb
802,888,cvowelson@multiply.com,France,166w3Z5r3qn6kgDUQzNvnDPUN2NeugEshL,jcb
803,889,hbaystonoo@multiply.com,United States,1PWVJEZ2xmnt2RamUerQZZEYaax5GboTV,switch
804,890,dvynallop@mit.edu,United States,143qN2M5ejXbE8PdNLgC2Axqj3iu1KinsA,visa-electron
805,891,aiveloq@dailymail.co.uk,France,164LT1Y21cPaVPPr5Z5r1NSbQxAVtTWuYS,mastercard
806,892,zbackenor@deviantart.com,France,12xR5KCM9b5okiunRbA72pyU8eYGwA3Gbh,jcb
807,893,dcabaneos@ca.gov,United States,15BGffECKavHn4cyHe15jSpyriejADgY2n,mastercard
808,895,gstillyou@vk.com,United States,1JbQUNWENAtmGNBxeSaxzZ9VgowBfiH9P5,jcb
809,896,cmiddlehurstov@house.gov,France,1BmatTtLLzYYMbvrSEbVqPv8JEBRgoCq6k,jcb
810,897,aivushkinow@mayoclinic.com,France,1NEZPJHqh2CMWriJQ9wgkia2sW5SbVLjNh,switch
811,898,evidgenox@cmu.edu,United States,1EoiBgChNmGznW19xo82t7Zt15sGQr8VJ,jcb
812,899,tgraseroy@delicious.com,United States,1HGa3UQjn2Vg2saVzXGWvpfvEL9xdRrkQL,maestro
813,900,nbizzeyoz@telegraph.co.uk,France,1B3d7oLh3JaHnB8UbtYUwM4Le6BdYFSEPJ,jcb
814,901,mcostarp0@prweb.com,France,1K6TFdq7TnDfXbS7Mc6EtiC7s5q1j3uJjp,mastercard
815,902,asaddlerp1@deliciousdays.com,France,1CWrUdHALvUQWScyDxVKiLribouWBSy1Vf,bankcard
816,903,ccullinanp2@seesaa.net,France,1BqpGMjzBo2nGLypZZ2ndxtAVGZgWaH59M,jcb
817,904,dgarveyp3@vkontakte.ru,United States,1DPayYh1yvjvDJCYRWymtGSgCk2iqNNs1j,mastercard
818,905,rrosonip4@skyrock.com,United States,1Mj15H6MYQDzbd2RdoRnm4Payx6R1fSZFS,jcb
819,906,acannyp5@nps.gov,France,1Ns7UM2E24rawS7cEwbFKxijQt8sh1nHkE,diners-club-international
820,907,mfoordp6@nhs.uk,France,1CKZnZnB7TWLmgkoePP9KxRvTcs8pQ9dgk,jcb
821,908,rloeberp7@aboutads.info,France,12CqTc33NUhxV3Fsbszp8Jjfw7UGwAYPqj,bankcard
822,909,rerridgep8@last.fm,United States,1KARAwTd5zSm56ESgJ3BFoBxYCEBYDDc4Q,visa-electron
823,911,vallinghampa@soup.io,France,1DWiKW3UUH27N2wEKobcQRqCzxLByb8jN2,jcb
824,912,arohmerpb@cpanel.net,United States,1DSwvjUyRCpoMMozYGfoiVJk4WmVnZL21j,visa-electron
825,913,abrughpc@mozilla.com,United States,12y2YoSgmL6tUWVk3aBrfkALd7gSYSm7VM,switch
826,915,smastrantonepe@opensource.org,United States,12Ce4CHLVmKoFw82YYCvJeGs4TFAsifzAK,jcb
827,916,oavramovpf@addthis.com,France,12u5FCRjiuZsbsEz1QjoTwejU2BGa3A49M,mastercard
828,917,kkystonpg@apache.org,France,1Sgdu2WxfuuJnvjby2vvof1rNKUuVR3Ai,bankcard
829,918,ntrobeph@reverbnation.com,France,1LJVFbGuDxf6gJPuQCRUop59p8eoaYsRYq,jcb
830,919,mheadanpi@bloglovin.com,France,1MhVF8riyiUKsoWVaVVg7DQwEcwhe4Kmnq,jcb
831,920,jfeechumpj@howstuffworks.com,France,1Eic9gaXDRNd5v7D98k59eruzQ87gh7Fdd,jcb
832,921,tpackepk@europa.eu,France,15iv7g86YxtvK5Zjsk6hgugS53xRxj7eeo,maestro
833,922,dmariepl@army.mil,United States,1LZZbMUfUZDvziuKS7o3AEtTqcy8W61TfD,maestro
834,923,bpatrichepm@sogou.com,France,1ExUdqfr93EpdJBWiyp3GESWhXAET7BqYZ,jcb
835,925,vfurmagierpo@economist.com,France,1JNBGF4aJAgZcCDqXtF3Z54iRpys4w6e6a,americanexpress
836,926,sbramwichpp@hud.gov,United States,12H4C4Bv17oQWgWM2nbqvEFAN2uc2aT8mD,maestro
837,927,coshevlanpq@altervista.org,United States,148uag2u9WFrp1GpEPfzEUwVBC4Ptau9EZ,instapayment
838,929,abuggeps@cbc.ca,United States,1Po4KFNbYR7x2p7jpoX6TXdC7dpf3saKxQ,jcb
839,930,rgarbertpt@skype.com,France,1MeA5ajseDmKZhHHBmfGyQ8nVnmeXdXWyr,visa
840,931,khardingtonpu@hugedomains.com,France,1Govn1fcptgzQqYt9b6pVdy5QoGGbAkBj4,jcb
841,932,devisonpv@intel.com,France,1P4V1VNkhUqMSoACRcrLNZdQcmam9uMc4d,maestro
842,933,agordongilespw@meetup.com,United States,1Ha85jCpxWqJBwhKUWMgSs1KNcctYQAq1E,jcb
843,934,clairdpx@bandcamp.com,United States,1Kd4E3KALxe6oLiqxmSQkdr1LznC1KP3PY,jcb
844,935,rbettisonpy@altervista.org,France,1CCAMXhKwizBVTHqFRFxNMWKtGKU7t9puj,americanexpress
845,936,ddingpz@ovh.net,United States,12sKwbCJdoFRKRekKjt85J2gPGP3m7t1DA,jcb
846,937,gespinq0@i2i.jp,United States,1BZabLbSy6AvENmSCWAUH26xUJ83Pzsyos,instapayment
847,938,hclappsonq1@sina.com.cn,France,162t1jWV6SPf8Qx4RmVrRkkvgEfUNx1RoD,jcb
848,939,tcallowayq2@ustream.tv,United States,1EA9YeQP2RhMYQ2AQG7JsK5EsNWq8JiBkW,mastercard
849,940,hhourihanq3@zimbio.com,France,17KTcFQBYpC4uJeNMrgRKwDnuAPv5WqGdA,americanexpress
850,941,hcallisterq4@deviantart.com,United States,1CGNVTeELLKvF64v7576nSpB99A4ttvwCb,maestro
851,943,gshuteq6@diigo.com,France,18CF88Pq499mvdcRp91C34EUPEXwqyKH3A,bankcard
852,944,mpietruschkaq7@mail.ru,United States,14TE2Z5xokBiZ5DRPFyK7V7WKfePkk7rK6,jcb
853,945,tvanlintq8@kickstarter.com,France,1P4cvLASP6ewR6hZLU8312QCSJvnfKY99V,mastercard
854,946,clipproseq9@arstechnica.com,France,1CBDC8QNnCSNTaaUH9ozYbSp8YErEWmm3f,jcb
855,948,sstationqb@answers.com,United States,1GDsec8BobV1qMGXy4CwUTs2KBzZsfDNdj,diners-club-enroute
856,949,caldhamqc@ocn.ne.jp,United States,1GvDhbSboNHJhUF9k24L6EwhHFcan4QQvk,jcb
857,950,gclarridgeqd@paypal.com,France,1CcCWd5wjsWpKEP7PVSGZyszbUq3sa2TPa,jcb
858,951,prisdallqe@ibm.com,United States,1DQNCs4vRjny8tM7zF1WuCnTCRZXQfrUjW,mastercard
859,953,hmacgilleqg@is.gd,United States,183eANdjsHTvUCdrTZRW4fMJhjYAruzkpR,diners-club-us-ca
860,955,pgilhespyqi@mysql.com,France,1L2wXK4q27CWMfUzyh5q4yWiMyd5vK2sob,jcb
861,956,bdowallqj@wordpress.org,France,1KcFNoMbMwt4VNZqQUQALbG5ojzb5a2DK3,jcb
862,957,vbettlesqk@woothemes.com,France,19s617VbMzLNfmgL4R6jJn6Fm6WVUCrEUr,jcb
863,958,jbrounql@github.io,United States,1PgsxFBeCRnq4oL7g36Ce4ZGFkBGi1u1pm,switch
864,959,iogarmenqm@baidu.com,United States,1FGFHdLiLmgfCLgyrQyf4HWjv8rvCp512r,jcb
865,960,alittlerqn@yelp.com,France,1GwNW7YLHySAhfS8xiTqrUkjTGj4XxFzST,bankcard
866,961,ewansburyqo@google.it,United States,12H4rzx5B9o12LZkLae6oaCq5ZH9XfUuXN,diners-club-carte-blanche
867,962,mtanseyqp@dell.com,United States,1ENo7ZXjdLCVmAAV7Y2kAh7e3oC2BSC9XP,diners-club-carte-blanche
868,963,zgoomsqq@devhub.com,United States,13VxLFHy7RTbapWRW8vMearFNxiqQeHLWS,maestro
869,965,rmcdermidqs@globo.com,United States,1EZ1nM6dwGCyKK1zhPNpJ4yn3GtHp3CsfS,jcb
870,967,lbrawnqu@over-blog.com,France,1MT9qULXRtk49Cqq1gKu7HBfC97DsD5eU7,jcb
871,968,atinklinqv@webmd.com,France,1JBzJTcYvdpBffUGA6QwWjovbyeowQY8s4,mastercard
872,969,egoudardqw@bizjournals.com,France,1EKzMKLtnQBBmDiLkYHTcFo2gBsyWLsDNF,bankcard
873,970,uminghettiqx@cbslocal.com,United States,1DjtzrjPzobxXzHuNhqSwDVZ3rKkzV8izB,china-unionpay
874,971,astaigqy@merriam-webster.com,United States,1FpcbzxPA86xXwQ5v4SKuBXNUzyqGjLmYL,jcb
875,973,pbroschekr0@163.com,United States,11331aHa6fzA9jXwbcKNHj9rLM1462gvVk,mastercard
876,974,tkaplanr1@hc360.com,France,1DtyuATUrHbDXqhqyyEnVTRXpK34HL2tY2,diners-club-us-ca
877,975,lzamorar2@phoca.cz,United States,1MhD3AjB3Sm3BuF5ZAuoWjmnw6zJMvvDQS,diners-club-enroute
878,976,bhandesr3@census.gov,France,1Q9AxHk98FXSJ4b4K3ae9VrEocFFRhGpH4,diners-club-carte-blanche
879,977,lfullardr4@uiuc.edu,France,1N4HYBF8q2nGN9NCbf9wxXSxvM1PZ73VYN,diners-club-enroute
880,978,acaminr5@indiatimes.com,France,16eAbkMXGXwiDExozS9VrzHUGzjRNa9zJj,jcb
881,979,telgyr6@usda.gov,United States,1NZJx5dcKqawfgabZMEA5Z56gj32T4RJaC,bankcard
882,980,aharryr7@dagondesign.com,France,1KSapdigsjFYG3QHH8Cp8vaZsptRZ6sC7Q,jcb
883,982,idulyr9@columbia.edu,France,13sof9Vv3LefcMAKeSP1Wvb7kM4NvX5PEG,solo
884,983,ydelucara@usda.gov,France,1F7GaeHmZSksiVP4Sfp7CLRMK6mmRK3Gz8,jcb
885,985,mraithrc@google.cn,France,19D6XnP16Hbjd4txr7biTivdH99m3Erxpe,switch
886,986,klhommeaurd@webs.com,France,12uTCx7fAqFb4A1LSG1XEB4Qcb3DENnR98,mastercard
887,987,ggrogerre@dmoz.org,France,1PS8xdKZicRAjS7GKB2kaJNQFizwehR1GY,diners-club-carte-blanche
888,988,pvandevliesrf@fastcompany.com,United States,14HWxGsZ3nSctfvc7Y3DyGEt78jyuqRW97,maestro
889,989,tdillowayrg@stumbleupon.com,France,18i8qC6iD8ayvuJQWkiArwuMQdkpePbEhV,solo
890,990,lclasherh@google.pl,United States,175dyBHG9wxwLFtZ1LahYWx4Gq59RDFCd6,bankcard
891,991,fclarkinri@photobucket.com,United States,1LCDdwiu5fWoAVc2e2q2GfgRFr8YWQyMS6,mastercard
892,992,vsimonnotrj@imgur.com,France,12xroRe2GSXcwnfv4H8NNrVPyxL6KqNrK3,jcb
893,993,froomesrk@altervista.org,France,1M7ZbkpnUW8Eu9dKR4aCwaLQGUYshkfSdw,jcb
894,994,eughirl@soundcloud.com,France,1KheLtxw824D4cj2pq2epoc1YY6H1tMBc8,switch
895,995,jbrundillrm@google.ca,United States,12BWotVsCE8KAa96WHEhzkKvGLr8Axgggv,diners-club-us-ca
896,997,mbondarro@reddit.com,France,1J1R1KuqtDDc3kzZmMZHUwmWSkD75F2kLB,laser
897,998,wchablerp@netlog.com,France,1N4uck7byHmYVF8i1ApaeZ5Zi5yu18a9C5,diners-club-carte-blanche
898,999,bwillrq@bloomberg.com,France,1NYgrHdoJ4sQzmyaaecNfDSfQHLioZR66u,jcb
899,1000,dashdownrr@ow.ly,France,1FETMkoaK8fXx36JDNHRyeGJNPkzPxQ2sL,maestro
